,venue_id,conversions_per_impression,price_range,rating,popularity,retention_rate
0,1424193000929084737,0.4034916201117318,1,8.6,5.537811281291531,0.38496450000000004
1,-1970346298375932149,0.1914396887159533,1,8.6,0.9660341183903789,0.2500005
2,-3266889597638182283,0.27538177546568215,2,9.0,5.905066922300413,0.30422099999999996
3,-1599030892486223118,0.060618556701030925,2,8.8,0.7547005381380858,0.31437149999999997
4,-1514693057066477057,0.1709515859766277,2,9.2,5.506692230041323,0.32709750000000004
5,5188415623516897594,0.5651188299817185,1,8.2,17.36076312483206,0.621054
6,-3853058847403276971,0.4390477202678287,1,9.0,9.332084213889917,0.42274049999999996
7,5332634774045137434,0.2117497886728656,1,8.8,1.4423698410277639,0.3639705
8,1007590810240705088,0.15143496845104823,2,8.6,2.1768811230455274,0.29713649999999997
9,1861342593691657724,0.1663135593220339,2,8.6,1.3015534107496896,0.19611299999999998
10,6744146359354174703,0.23743016759776536,2,8.6,0.7774316070793119,0.1696425
11,7670521821443414514,0.09839572192513368,1,8.6,0.6235429965794461,0.307017
12,7210371646145622836,0.09728656518861681,1,8.6,0.39645017683754913,0.164835
13,-2823198933827015857,0.3231920199501247,1,8.0,3.9629403690712217,0.2733135
14,6226103407645514933,0.02,2,8.2,0.1236555625758005,0.365853
15,3739596670675833597,0.12081844754790516,2,8.6,3.0385193577202116,0.339081
16,-9079011570477226623,0.12413793103448276,2,8.4,0.06724910491877092,0.24
17,-8833058687174510764,0.0683638953177853,2,8.4,1.6870011692338975,0.2163465
18,2959220355338183958,0.30130800373715355,1,8.2,4.380233411040183,0.39922050000000003
19,-4563727856568079409,0.15752625437572929,1,8.6,2.311379332883069,0.3805035
20,-359844055405230848,0.12937771345875543,1,8.4,0.9586265495980304,0.261702
21,-3711405639791441750,0.08059701492537313,2,8.4,0.03137323253229918,0.5249999999999999
22,7661704027741345124,0.22776280323450138,2,8.6,2.6361503881711292,0.269949
23,-2144582774783336764,0.1232349165596919,1,8.2,0.15751977167258546,0.3082185
24,-168347584931888253,0.2117039586919105,2,8.8,1.8476074279032948,0.2292225
25,1828403598032157832,0.3387096774193548,1,8.6,3.9960202473546995,0.40942049999999997
26,5480327063651634937,0.5001375515818431,1,8.8,4.6719245880447655,0.29475300000000004
27,1908932783551298445,0.1962224554039874,2,9.0,1.9155827650566097,0.2899155
28,8780505009298954453,0.33956512903881325,2,9.0,24.58346950187731,0.323058
29,7486767775154583519,0.1440981093510475,1,8.6,0.5481600906337829,0.2016135
30,-5592544167780755783,0.1894005212858384,1,9.4,2.1882103459044133,0.2991915
31,-7063299792842321049,0.24591988130563797,2,9.0,1.399304269519307,0.246666
32,7196703443430313033,0.12859097127222982,1,9.4,1.983267609316107,0.486486
33,7543295338135927180,0.32243599016346014,1,9.0,5.4948183330065286,0.258747
34,4602700278207260042,0.251491646778043,2,9.0,5.631930978888429,0.24810749999999998
35,-8690900998885986179,0.3342782381160052,2,8.8,3.419391853126793,0.32692350000000003
36,4429442109419448453,0.28252106998900695,2,9.2,3.1233069711032195,0.344595
37,-2061403932177229944,0.1690507689763519,2,9.0,13.588458717328628,0.4694505
38,2122957402182086632,0.2724324324324324,2,9.0,0.4588335257848755,0.175926
39,4227583011298422581,0.29254955570745045,1,9.0,3.4505472159887285,0.22340400000000002
40,-6580902636251307755,0.2946776287321506,2,8.8,6.1429806023370155,0.210432
41,2089201569882807347,0.21055788842231554,2,8.8,0.8964610703210674,0.21649500000000002
42,4622643962871667813,0.434412265758092,2,9.2,4.903229554747017,0.317781
43,4828264823788179499,0.28191911181601903,2,9.0,1.960173424257609,0.37894800000000006
44,1642563663085166220,,2,8.8,0.0,0.0
45,-8239754368787687876,0.37790697674418605,2,9.2,3.019455761563433,0.333333
46,-1141058641582303922,0.23120300751879697,4,9.8,0.3554325802305061,0.36
47,5168631675421555059,0.080466472303207,2,9.6,0.5136640594929447,0.09
48,1301501383783026371,,2,8.6,0.0,0.0
49,8939367427969494969,0.005076142131979695,2,8.6,0.007915931356529191,0.0
50,-7997369503385996486,0.12614980289093297,2,7.8,1.449740815281776,0.36111150000000003
51,1843885562042089231,0.11776187378009109,2,9.2,1.9003318881311866,0.35071949999999996
52,3814101400087727763,0.09857960568157728,2,9.0,1.133575894899671,0.1423365
53,4296932382152124576,0.143236074270557,2,9.2,3.611698148834034,0.281934
54,-2331125319557462050,0.054134123350390514,2,8.8,1.3622208552842388,0.248031
55,5810147585113012823,0.15874439461883408,4,9.0,1.6054816009063377,0.156108
56,-6556757687969778735,0.031839622641509434,2,9.8,0.20332323870527316,0.38461500000000004
57,-8585485777422637306,0.1252155915833046,2,9.4,1.7972066593356244,0.246753
58,-1130901029289234727,0.1930765480253535,2,8.6,2.8221018688995017,0.14814750000000002
59,-8327960718241748565,0.0957039557635049,2,8.8,2.082216405473533,0.12244949999999999
60,-6769357718506661141,,1,7.4,0.0,
61,6496596592152775784,0.04400345125107852,2,,1.1454223303125675,0.26470649999999996
62,6002655242817885680,0.07566765578635015,2,9.2,0.5215073676260195,0.2794125
63,8436895510884739671,0.015706806282722516,1,9.0,0.0,0.21428550000000002
64,7963678185835912511,0.07943661971830986,1,9.2,0.20552372237594138,0.296052
65,781655398244205074,0.03590425531914894,2,,0.9751663158401747,0.0
66,6684983907102784519,0.0,2,,0.0,
67,2498080507057359392,0.004120879120879121,2,,0.659046525623337,0.0
68,8567882870114205288,0.023316062176165803,3,,0.2774932739466682,0.75
69,3245250178081155245,0.0,3,,0.7977931625966711,0.0
70,1272481684950902099,0.0,3,9.4,0.0,
71,-3918954707970063576,0.0922066153149071,2,9.2,3.5077016928473386,0.38967149999999995
72,-8621518409175570300,0.3876704208654417,2,9.4,1.2559460264203288,0.5516535
73,8791212883561396312,0.2229219143576826,2,9.4,0.8795398592561929,0.444444
74,6254720819916854446,0.3837170871433293,1,9.0,30.644872437308003,0.5872455
75,6883835995064208590,0.3244055068836045,3,8.8,4.539096712346674,0.32268600000000003
76,3871619909318373127,0.23241400681747754,1,9.0,5.922104330522815,0.4329045
77,4845286218969696748,0.3636652879414572,2,9.2,3.3960797983979316,0.255894
78,-1395199787259490082,0.4016033100594777,2,9.4,18.44778753349746,0.37733549999999993
79,4192024984849819107,0.36114911080711354,2,8.8,1.3510098259221333,0.373626
80,4903153601957562005,0.3673887088521235,2,9.4,5.334829371736493,0.334329
81,-7682426897326987081,0.28540462427745666,2,8.8,4.118535625322266,0.30627
82,-6304851542877042234,0.2861842105263158,1,8.6,0.45255887927841565,0.1363635
83,7770663459957040318,0.19112988384371699,1,8.8,3.018003297094345,0.271053
84,-7370550996841687013,0.26058489742470536,1,8.6,1.5363442921777526,0.24068699999999998
85,7426496466433566528,,1,8.8,0.0,
86,-2984156884844870836,0.24649532710280372,2,9.0,1.7148521754286585,0.2561985
87,-2010383013404467060,0.1585094549499444,2,8.8,1.4977813605234682,0.2796615
88,-3344114816229605116,0.29665220086794797,2,8.8,6.963986143488965,0.206388
89,-3234040658834901654,0.31003811944091486,3,9.2,2.3468194659288146,0.26470649999999996
90,2110134076028967601,0.19302465423932652,1,9.0,0.6736167091512524,0.3717945
91,-1126943181302930937,0.299412915851272,2,8.6,1.0672708918858071,0.3256575
92,-964748600044279675,0.1542319749216301,2,8.6,7.3017567557753615,0.2601855
93,-7980018353080567228,0.18078381795195955,3,9.0,1.1420728120438353,0.30568649999999997
94,-7697839296553277261,0.10917721518987342,2,8.6,0.6304422028076139,0.21283799999999997
95,7611580809249058106,0.5015847860538827,2,9.2,1.766051547964008,0.300987
96,-4295826842507789068,0.16550925925925927,2,9.0,1.1615358359296135,0.1569765
97,6045284024872799923,0.05975159449479692,3,7.6,1.4507215117250194,0.1269585
98,-4695329206966038614,0.20119760479041915,2,9.2,1.5128869910019827,0.305211
99,-1239951668966447249,0.23655913978494622,1,8.8,1.905978233727751,0.274194
100,3517237890024367447,0.23573017049666423,2,9.0,2.2104330522814584,0.256098
101,-1225722321304640926,0.2127570289550986,1,8.8,1.354786233541762,0.2900295
102,2297960940075316078,0.2817391304347826,2,9.0,0.9137453975032135,0.2205885
103,-6058314109533187489,0.0,2,8.6,0.0,
104,2080139157056743027,0.0,3,9.0,0.0,
105,-335161312256390115,0.4322814856185423,2,9.2,5.347756305511377,0.24834449999999997
106,-8097897095769503084,0.055407047387606316,1,8.8,0.8467867854782603,0.1377555
107,688396783866611175,0.14338716717590572,2,9.4,6.653776044503511,0.3701925
108,768574391820647602,0.0,3,8.4,0.0,
109,7879684601702930843,0.16959798994974876,2,8.4,0.2525835711743901,0.228261
110,7947220274626698714,0.18317868901526488,2,8.8,2.4943172327646934,0.20049450000000002
111,1541306607799916328,0.23333333333333334,2,8.4,0.2898755964182226,0.103449
112,1665869950265869427,0.14509246088193456,3,8.6,0.26238770634073366,0.23913
113,-495501865997425500,0.13515687851971037,1,8.8,1.172066203330501,0.44560649999999996
114,-6004951763160720273,0.10477941176470588,2,8.8,0.1336993543795435,0.3260865
115,3819392964403774030,0.2504197649316383,2,8.8,3.6656935154723778,0.17788500000000002
116,-38236003456657441,0.18070711479703186,2,9.4,1.4313311110626956,0.287946
117,2558144398810194341,0.2914285714285714,2,9.0,0.7913752659825558,0.3186525
118,-3218186548309913611,0.16864459712679575,2,8.8,1.7936483728766786,0.1269225
119,-5498794834287790619,0.4739263803680982,1,9.4,0.5778920383160127,0.491151
120,-8126259051783698228,0.11128650355169692,3,8.6,1.7411870382295769,0.23863650000000003
121,-5847147452230404325,0.17329910141206675,2,9.0,0.9364038432209852,0.268656
122,-7132405711108960778,0.33019755409219187,2,8.8,1.7465159008547753,0.1828365
123,-5135692596861963660,0.1461100569259962,2,9.0,0.5553497897557681,0.2325585
124,697657938564560570,0.32800345721694035,3,9.0,1.225952635133663,0.294903
125,8336661646963390697,0.3398314014752371,2,9.2,1.6056268473532465,0.37846199999999997
126,-6332311711594508139,0.3538230884557721,2,9.0,2.104185276367677,0.2603625
127,2209211515732595630,0.08471275559883154,2,7.8,0.15781026456640307,0.28125
128,6676871173188622098,0.14825581395348836,2,8.6,0.11176714089631583,0.2500005
129,-8980418203349600814,0.16509775524981896,2,9.2,1.8966281037350123,0.1176465
130,-4619600060996398610,0.03100498930862438,2,8.0,2.2549055808582574,0.1578945
131,-8607836145195287617,0.07346938775510203,3,9.8,0.41093850991670117,0.11842050000000001
132,7920779952976864983,0.07008086253369272,3,8.2,0.27756596004270245,0.12244949999999999
133,7192273147090531024,0.05025996533795494,3,9.0,0.4226308488928589,0.1399995
134,4966066418564252037,0.1781317885590152,2,8.8,0.5857789203831602,0.4999995
135,8075129724316902553,0.15481986368062317,2,8.8,0.35708838972526635,0.1363635
136,4907162950494550514,0.16253869969040247,2,9.2,0.9083712789675883,0.1562505
137,-3177914798363747245,0.2863961813842482,2,9.0,0.5486684531979636,0.41284350000000003
138,-1189046607174228364,0.021739130434782608,2,9.0,0.022295329600499646,0.2500005
139,6539419146195970813,0.15524475524475523,3,9.0,0.17487672207818616,0.4811325
140,-1179720595254851251,0.0776965265082267,2,9.0,1.5450589532471204,0.222222
141,-878832531450425794,0.1330376940133038,0,8.6,1.6852670304245319,0.3548385
142,-90993012258819614,0.20934065934065935,2,9.4,0.8823721649709144,0.2843595
143,153654445658051875,0.155794806839772,2,8.8,0.8555741955162421,0.243243
144,-8534117341425460159,0.07797029702970297,2,8.0,0.19295990471833083,0.140625
145,7730164985101365465,0.05921052631578947,2,8.8,0.13972708192625838,0.21000000000000002
146,4620424479505488256,0.16661769027328827,2,9.0,1.9820964419518177,0.35365800000000003
147,-7927864497221002410,0.05589194224499301,3,9.0,0.468274544833947,0.10396049999999998
148,-5988862566377987868,0.09863013698630135,3,8.6,0.11670552009121478,0.666666
149,2893507811653998335,0.2022099447513812,1,8.8,0.30429130627392026,0.2575755
150,6416988432972411822,0.02815013404825737,2,,0.058955532800278876,0.2368425
151,-2489809156870982861,0.017291066282420747,4,9.8,0.015178253701968816,0.0
152,-3735324597557367519,0.015789473684210527,2,9.0,0.0,0.0
153,6532681182411690288,0.02460850111856823,2,8.8,1.6786492156100328,0.156717
154,-7159428054870998657,0.03900928792569659,3,9.8,0.618023631596912,0.1666665
155,4852215523654006022,0.030848329048843187,3,9.6,0.09579003173634866,0.1071435
156,5718529969177986524,0.036535859269282815,2,,0.14950943012556556,0.0
157,5190721255361321390,0.024834437086092717,4,,0.5876579598402454,0.30000000000000004
158,8590273355996838188,0.008310249307479225,4,,0.7977931625966711,0.0
159,396576736050994658,0.0,3,,0.24280661470333467,0.0
160,-4728964119952611611,0.004651162790697674,2,,0.8560369878070969,0.0
161,-6571466029631196422,0.01748878923766816,0,,1.157132809376444,0.1666665
162,-4531843660690422162,0.029126213592233007,3,,0.06937331848666704,0.2500005
163,-5965258770637255761,0.10035211267605633,2,,1.1343291172117635,0.07894799999999999
164,-1321188557680902898,0.02773497688751926,3,9.6,0.20179088869038542,0.21428550000000002
165,-7893679865011238866,0.035629453681710214,2,,1.102765256576969,0.1666665
166,-8359880317895379105,0.11431623931623933,3,9.4,1.4019913287871195,0.1410255
167,6750621764041055320,0.047835990888382696,3,,0.02207019760779102,0.42857100000000004
168,1701525175334756094,0.0030674846625766876,2,9.0,0.0,0.30000000000000004
169,-8347743242793862185,0.038338658146964855,2,,0.0737125718062122,0.1875
170,6473752751587109470,0.04113448534936138,1,9.4,1.194089054379742,0.24138
171,2942854598864935388,0.04449152542372881,3,9.6,0.07806996521347596,0.1875
172,-5880073274499773060,0.06190476190476191,2,9.6,0.5458361474832422,0.181035
173,-3725425498793803345,0.0,2,9.6,0.0,
174,4292471056900463660,0.287593984962406,2,9.4,0.7746719245880448,0.5091749999999999
175,-2595001694252786274,0.20532319391634982,2,9.0,0.5940579678569613,0.1470585
176,-887970208925513584,0.07406625870436802,2,9.6,1.1685076653812356,0.422535
177,3489241494043635697,0.1689225771521386,2,8.8,11.253839952940151,0.289689
178,2177752355192790936,0.31296165132044923,2,9.0,10.727757322236505,0.24326549999999997
179,-3738349896010676668,0.15756583841690225,3,8.8,3.4781440409013995,0.23476650000000002
180,-5174752662251663246,0.34152528936102744,2,9.0,7.887535676158522,0.33015
181,-3494050899126808866,0.08911739502999143,3,8.8,2.0956157360000582,0.20588249999999997
182,-900459776699123906,0.33168959252530494,1,8.8,6.873279737394424,0.370536
183,8171780172088394562,0.2080078125,2,9.4,3.9724176997320204,0.303825
184,-7951050805344745744,0.09584664536741214,1,8.4,0.37511708922967524,0.28125
185,7890737799228278409,0.12108731466227346,2,9.2,0.8751752035265837,0.203187
186,-3702093984550677772,0.0975609756097561,2,7.8,0.06837476488231407,0.0
187,7278934018529661243,0.3885049108766824,2,8.8,3.110743153445609,0.27813
188,-6575840713941845481,0.015306122448979591,2,8.6,0.0,0.0
189,6693803428832654255,0.2681286038790844,3,9.2,14.898363798775572,0.376419
190,-3571578291212741130,0.11825936099465086,2,8.6,11.0886221195814,0.3117495
191,2655382276416114606,0.282107096212451,2,8.8,2.0322156619243703,0.31924199999999997
192,4071968611601509044,0.24670391061452512,2,9.2,3.848086741178094,0.365853
193,6976665804837515885,0.3324432576769025,2,8.6,1.065600557746356,0.36923100000000003
194,1990268925632192894,0.281423487544484,3,8.8,16.55569838122835,0.220719
195,8975831873030799580,0.2529002320185615,2,8.8,1.0467911428716674,0.319797
196,739199663399910482,0.2857142857142857,2,8.8,0.2421984502204115,0.06
197,6663247888677393976,0.12195121951219512,2,7.6,0.10058316448433881,0.06818250000000001
198,6309986199204691641,0.483159828536436,3,9.2,3.2998540273208565,0.2877705
199,5428743095819142306,0.2724288840262582,2,8.6,1.026747133198254,0.24305549999999998
200,-3467116489823335298,0.03930131004366812,2,8.6,0.0,0.272727
201,3176928348150372538,0.15870967741935482,2,9.2,1.1157759428309983,0.2596155
202,4942885110225136931,0.14941022280471822,2,8.6,0.24989651190657747,0.06818250000000001
203,4835840571363623023,0.1880597014925373,1,9.2,0.17582082398309332,0.14516099999999998
204,-5056638505676914027,0.18908748824082786,3,9.2,1.3730146626288153,0.189252
205,-3186029800077757071,0.07711666367068129,2,8.6,4.6667683391795025,0.18118050000000002
206,8495040311801997268,,2,,1.8730795991400102,0.0
207,8165892210666393870,0.0,1,,1.7690196214100098,0.0
208,1674612201371449643,0.0,2,,1.5955863251933422,
209,-2778925841110618467,0.05914186316196367,1,9.2,0.4748832581682971,0.358209
210,6518568683491224288,0.10806174957118354,2,8.6,0.3443067023972926,0.3068175
211,598700642737390100,0.24592220828105396,2,9.0,1.9322134832276665,0.181818
212,8910641162115370290,0.24365482233502536,2,8.8,0.7435165617261087,0.336735
213,-660110110876941197,0.1251548946716233,2,9.0,0.8424293920709964,0.1751265
214,8857820397515963904,0.07867132867132867,2,7.6,0.19077394569235348,0.288462
215,-5499361658485010509,0.10896445131375579,1,8.2,0.3250615481818776,0.1999995
216,-3354102599804001270,0.09313264346190028,3,8.6,0.4341416298103808,0.0869565
217,8340466326228347026,,3,8.8,0.029920768063211253,0.75
218,9074425064086595955,0.2015810276679842,3,9.6,0.6780830373936978,0.356436
219,1038184558175932892,0.19618528610354222,2,9.0,0.387444897129204,0.357954
220,-1214027302266292847,0.19747899159663868,1,9.0,0.2633318082456408,0.5769225
221,827519604862358597,0.0,1,8.4,0.0,
222,-3477782347918135867,0.21219512195121948,1,9.4,0.305889017189917,0.322785
223,7723670488926490910,0.08383766464934139,2,8.6,1.4550789051322832,0.285171
224,8749613252343289923,0.2633624878522838,2,9.2,2.2826205363951284,0.321177
225,-8000812284954204460,0.264,2,8.0,0.16725128361547456,0.44999999999999996
226,-822289976162896847,0.03232490675507667,3,9.2,0.49245807824426097,0.054217499999999995
227,7806767714522733618,0.1298245614035088,2,9.4,0.905212168747322,0.18870900000000002
228,-7967592538781328506,0.0,2,8.0,0.0,
229,-3095812747959498570,0.0,2,9.0,0.0,
230,-600875971541775400,0.1567070622649394,2,9.0,1.1134592620028032,0.2850675
231,-5224773933377990030,0.14634146341463417,2,8.8,0.1648547172414795,0.1562505
232,-7909556818785812842,0.15729109776078645,2,8.8,0.7968220077416356,0.19459500000000002
233,-7808052062575920192,0.013316423589093214,1,,0.8703619657879114,0.3124995
234,5489860685308474236,0.23738532110091742,1,8.6,0.6008119276382201,0.1523445
235,742938810977117783,0.009375000000000001,3,9.8,0.041976223156641033,0.1999995
236,6686507995160913802,0.050505050505050504,1,9.2,0.3446698185145646,0.289473
237,-5599987578892847621,0.05946902654867256,1,9.4,0.9544324798528142,0.2790705
238,-4279333285677539895,0.04160246533127889,3,9.6,0.19738992134904898,0.13235249999999998
239,7127773791043045426,,2,,0.03253520410756952,0.75
240,-502342665051314052,0.10559396605908233,2,9.2,0.828167935833487,0.144579
241,604530169472814011,0.010327022375215147,3,9.2,0.2822138463437838,0.21428550000000002
242,6828773345618586972,0.08894582723279648,2,9.4,0.7487454338148254,0.163266
243,-2050904002587215806,0.172901921132457,1,9.4,0.3287653325780518,0.343374
244,-7313933305501616930,0.10577507598784194,3,9.2,0.46435289076740954,0.280575
245,5065511967978173722,0.12151898734177216,3,7.8,2.0377350269069043,0.165036
246,4806555944188151731,0.03430079155672823,3,9.6,0.1897644828863374,0.048387
247,5429741107870619169,0.07768924302788845,2,8.2,0.43849902321764456,0.1836735
248,-7470043617865895121,,2,,0.0,
249,-7704707807646611714,0.21775761503564484,2,9.4,1.3961088476873136,0.245193
250,472199130850792437,0.026086956521739132,1,9.0,0.0,1.0
251,5393018396253610966,0.0,2,9.0,0.0,
252,-5598305175696199458,0.3593314763231198,2,9.2,0.2087917674313892,0.75
253,-2178005159195482267,0.0169971671388102,1,9.6,0.0,0.0
254,3989452688348424400,0.1272984441301273,1,9.6,0.2493663623753604,0.12
255,-7455986094208152311,0.0,1,,0.0,0.0
256,-4959235096340659238,0.012184115523465704,4,9.6,0.028250433923760136,0.21428550000000002
257,6918536168031418427,0.11392405063291139,2,8.6,0.09760561232270855,0.1875
258,-599495846349914926,0.0,1,,0.3468665924333353,0.0
259,6646496329411984498,0.0034924330616996507,4,,0.0,
260,7473336714926702477,,1,,0.036965220738287695,0.0
261,-6027553357719148806,0.033809166040571,3,8.4,0.46609584813031507,0.1216215
262,-6330672636262956851,0.026383290582631003,3,,1.2806104293366358,0.15000000000000002
263,1499271515350375446,0.01764705882352941,2,8.8,0.0,1.0
264,764036483023484756,0.058823529411764705,2,9.6,0.1644189779007531,0.090909
265,-1102241286820863790,0.11663066954643628,1,9.0,0.17146343057582955,0.21874949999999999
266,-7780888382413240940,0.19360786724031961,2,9.4,2.7211282838574427,0.280374
267,-3486579083250331367,0.19796954314720813,1,,0.1504898436421999,0.15000000000000002
268,1458383367771315171,,2,7.6,0.0,
269,-8537831562393222543,0.14890510948905109,2,9.0,0.3398766857665744,0.3095235
270,2414260374638827534,0.0453781512605042,2,9.8,1.3558299487476722,0.1000005
271,2960514548920739771,0.040449438202247195,2,9.8,0.0,0.42857100000000004
272,8773247920220921455,0.109375,2,9.2,0.03594849560992614,0.44999999999999996
273,-4487299229586312699,0.0,3,9.6,0.0,0.0714285
274,-3630994465867351295,0.02961135101789019,3,8.4,1.1923097539688194,0.140625
275,2713686144218760269,0.0,1,8.6,0.0,
276,721448038538339256,0.07714285714285714,1,9.6,0.1607878167280333,0.0
277,-742016946097277429,0.23801652892561986,2,8.4,0.3154026594624429,0.3984375
278,-351737467849039045,0.0,2,9.8,0.0,0.048387
279,-3874670190485462780,0.2655252466627975,2,9.0,3.843511478100467,0.3458985
280,5279453842045127379,0.11812425801345469,1,9.4,1.9123873432246161,0.244083
281,-4038354569616272091,0.17472852912142153,2,9.2,1.117235669622432,0.2694615
282,6227333159141138386,0.06352683461117195,3,8.8,0.5457199503257152,0.5769225
283,-7398913572761941028,0.0,2,9.0,0.0,
284,-8914747977529082011,0.1368436491639777,3,8.8,3.7770612286396945,0.184344
285,6158723037459532288,0.11767702496179316,2,9.2,0.7142494026739871,0.1999995
286,2806497967516385485,0.07729703451628585,2,9.0,0.6243598663800035,0.16935450000000002
287,7157268466210214140,0.10460438086723291,2,8.2,2.224630609540184,0.30857100000000004
288,5563982361899535139,0.1895424836601307,2,8.6,1.9695418200832264,0.3104655
289,7882554539537748927,0.053030303030303025,2,9.2,0.12186176895647689,0.1071435
290,2051698795181594519,0.1332312404287902,2,9.0,2.290028105187477,0.2912085
291,138388630174792913,0.06334279630943931,3,9.2,2.8546372616248106,0.130188
292,1128306888564654348,0.18400726942298956,2,8.8,3.632758883635809,0.19620300000000002
293,-2980987472478084934,0.08226077224398433,2,9.2,4.563498115427351,0.174213
294,-5938265219664891766,0.03305939484497572,2,9.2,0.6058955532800279,0.292035
295,5612618495685222408,0.07983870967741935,3,9.6,0.7406842560113873,0.12499950000000001
296,-6330277521794443126,0.09230769230769231,2,8.6,0.1468441578247892,0.375
297,8913567843596820162,0.29454545454545455,2,8.8,0.30145900055919883,0.2528085
298,-7217803356526344583,0.0,3,8.8,0.0,
299,-721290078946899112,0.45154253661576815,2,9.6,3.786266112185525,0.6662235000000001
300,7437834897193564357,0.0944774075764491,2,9.2,4.6908066261429076,0.2229225
301,-6067248534206116397,0.22781335773101558,2,8.8,0.48846380095426917,0.4728255
302,-5781337825301395908,0.050013553808620215,2,8.6,2.1967072630485776,0.1812495
303,-2193960946995349519,0.12393526405451447,2,9.0,2.6559039049507254,0.26066999999999996
304,-3345907902234366349,0.5448430493273543,2,9.0,1.491172647189118,0.528777
305,-2893503132183508517,0.3389494549058474,2,9.2,2.737387161666558,0.27135750000000003
306,-1039634953173592850,0.16570810977728026,2,8.4,11.218181950224043,0.299886
307,7124045802938282516,0.3375626043405676,2,8.4,6.2300558472588365,0.3334935
308,147828210577344943,0.013824884792626727,1,8.4,0.0,0.0
309,1713842910186055232,0.15405968077723803,2,8.8,4.562917129639716,0.283053
310,-378531660631651504,0.08581735333206758,2,8.2,3.8617399071875202,0.24796200000000002
311,7574443546659273392,0.0844539399271082,2,7.8,1.792994763865589,0.20779200000000003
312,122187046081117916,0.4803571428571428,1,8.4,1.3366304276781629,0.3289815
313,-4494850454474302466,0.27419852034525277,2,9.2,8.594159640369798,0.261252
314,-3590713329638021322,0.3830673143650243,1,8.6,1.264806059681765,0.295455
315,-284952526482148196,0.3317088029241547,2,8.8,2.9294029644799813,0.315534
316,7178865043674367158,0.2959917780061665,2,9.0,4.345047459276528,0.3503295
317,-2504389601561104020,0.23513062812673707,1,8.8,1.6634349332229459,0.206985
318,6040023053669116790,0.10739856801909309,2,9.0,0.3081403371170033,0.10526250000000001
319,-5343691289250293895,0.2485731155284393,2,9.2,3.7430009368395827,0.31463399999999997
320,5935605720185728020,0.14534431835846418,3,9.0,7.740037909322643,0.4875345
321,5402044500105291986,0.0,2,8.6,0.0,
322,-891158643077214109,0.28919570822590035,1,8.8,9.762086319963398,0.38195999999999997
323,-8935796840848529019,0.06591916086445429,1,8.4,2.3901755303310894,0.38260800000000006
324,-3949986209072858978,0.3426655906636042,2,9.2,13.78141862204696,0.38879699999999995
325,7498951618848637349,0.19186046511627908,2,8.6,0.1493859706456931,0.308823
326,-5786377690441141558,,1,,1.977139576870011,
327,-8893163371313584993,0.0169971671388102,2,9.2,0.0,0.0
328,267293541639942054,0.08804286871456166,2,8.2,3.7935103887521153,0.20105099999999998
329,3995680037873164430,0.46514790887453245,1,8.8,2.7063770452515303,0.35714250000000003
330,7812714840614675462,0.26096411743385284,3,9.2,2.863388454359935,0.308823
331,9214049775381578357,0.04194078947368421,2,9.2,0.263186561798732,0.076923
332,-129084217343601139,0.037037037037037035,2,8.6,0.014452021467424855,0.4999995
333,2339726059689211889,0.1051018173855923,2,8.8,0.8319716478935634,0.13157850000000001
334,8601454343232168082,0.12432847275518034,1,9.0,0.35672527360799433,0.351852
335,8739452560446927232,0.36903499469777307,2,9.2,1.5436066145231921,0.211656
336,-964397930777072898,0.1106731830364181,2,8.6,1.6847135376950841,0.31356
337,9193686698064013596,0.3272425249169435,2,8.6,2.5971517171761183,0.27140549999999997
338,3194984943553373800,0.2357142857142857,3,9.0,0.7621081069304342,0.19149
339,-6825933713537596486,0.17261904761904762,2,8.6,0.8365469109711903,0.1695645
340,-8636140156786050606,,2,8.2,0.0289766661583041,0.375
341,4430426860996428132,0.3392857142857143,2,9.4,3.604726319382412,0.49394699999999997
342,-112908493564377780,0.4458177637252084,2,9.0,5.160969374786669,0.313548
343,4390341505339387038,0.26580310880829017,2,8.8,1.8865334756748513,0.210432
344,6904207799526416654,0.07086614173228346,2,8.0,0.19041809189742695,0.181035
345,1602737633721319558,0.13689320388349513,1,8.6,0.7684989505944211,0.2378055
346,-8648580284275088634,0.3019271948608137,2,9.0,2.276738055295322,0.31265550000000003
347,5921035126545168979,0.18032365784741844,1,8.6,1.7460075382905944,0.240525
348,5220140464084910470,0.2475290073055436,1,8.6,0.8260165435703029,0.2758065
349,-4756011664858415240,0.17740046838407494,3,8.8,1.4023544449043917,0.24397649999999999
350,-5452786735805857061,0.2,2,8.8,0.14546431657915568,0.0
351,3917259730463965446,0.1016949152542373,1,9.4,0.3379884819567601,0.2368425
352,5177674045857704607,0.06880733944954129,3,8.4,0.10283448441142508,0.06818250000000001
353,-6328173391032555682,0.2423191278493558,2,9.4,1.5507236904217232,0.244623
354,-2277877131820587651,0.20651775906261444,2,9.2,2.524673740168631,0.221385
355,7692032668730876736,0.16706753006475486,3,9.0,7.616723675897079,0.39979050000000005
356,6520460782676587680,0.2770605759682224,2,9.2,1.2751911806357437,0.1696425
357,-2083244540110042801,0.259498787388844,2,8.8,1.22391918487694,0.2656245
358,6881001040429884511,0.05482799061767006,1,9.4,0.7650856590920645,0.2803395
359,9114717028545073446,0.2027424094025465,2,9.0,1.9534920876998048,0.27471
360,-393306596306883193,0.1279620853080569,2,8.6,0.16420110823038991,0.21428550000000002
361,1827447801966797146,0.3323076923076923,3,8.4,0.38221602504048746,0.272727
362,-6020139409411986624,0.22841965471447545,2,9.0,1.9911835406726364,0.309339
363,-7979759435647554959,0.1764705882352941,2,8.8,0.9947566032665925,0.23926350000000002
364,4355953345695482387,0.13018867924528302,2,8.8,0.1875131629592511,0.2500005
365,-5454596748086468216,0.17777777777777778,3,8.6,0.3148942968982621,0.394737
366,4868344123221336514,0.0,2,8.4,0.0,0.0
367,-5608899428578267572,0.22811059907834103,2,8.6,0.5011002418353341,0.333333
368,2316726576982229146,0.20207253886010362,3,8.4,0.15817338068367504,0.1875
369,8848066773880547144,0.17169614984391257,2,9.2,0.6344364800976057,0.3181815
370,-8605370212549457084,0.23715415019762848,2,8.0,0.14960384031605628,0.30000000000000004
371,2525738222926141402,0.15584415584415584,1,9.4,0.7034285423792821,0.298137
372,-6804754131682906511,0.14563106796116504,3,8.6,0.10726450104214325,0.0
373,-2393499742255583882,,2,8.4,0.0,
374,-8513879466791027048,0.11825192802056556,2,8.4,0.6416261792195909,0.21794850000000002
375,-1456627335340451124,0.10980392156862745,2,8.2,0.5135914362694903,0.26086950000000003
376,-3915295221462934484,0.15168539325842695,2,9.0,6.160918538530251,0.2974335
377,-5608697520971859534,0.11057225994180409,2,8.4,0.2925263440743081,0.3305085
378,5536689858920574572,0.22650602409638554,3,9.0,1.293201740052434,0.3733905
379,-4076374149920441610,0.06284916201117319,2,8.8,0.14982170998641947,0.24
380,4331147580235991890,0.0,3,8.6,0.0,
381,-6988616948249398709,0.07659574468085106,2,8.2,0.5568748774483104,0.151899
382,7729367171436170934,,2,8.6,0.0,
383,-1143555923569247601,0.0970059880239521,2,8.8,1.0407634153249528,0.383721
384,-2931657617781543988,0.3832734735761929,3,9.2,2.7004945641517244,0.24384300000000003
385,-4265425244817892130,0.3380281690140845,2,8.2,0.38802588291683915,0.266355
386,-5247902779392517981,,3,8.4,0.0,
387,-902456847939794657,,2,8.6,0.0,
388,-3434403621688310000,0.30194805194805197,3,8.8,0.8870200512719957,0.2027025
389,-2816898752041420934,0.256857855361596,3,9.2,1.198065317327175,0.2295075
390,5500321846987209000,0.12626262626262627,1,9.0,0.3053806546257362,0.1730775
391,8066822223373334014,0.17823908375089478,2,9.2,2.470569438695106,0.3127665
392,-7476351902881174365,0.043704474505723206,2,9.8,0.18656906105434395,0.2678565
393,8106772412877099173,0.0594059405940594,2,7.8,0.10392383276324102,0.0
394,-8747796446216483523,0.21411764705882352,3,8.6,1.843032164825668,0.3210705
395,8170506825719539864,,3,8.8,0.0,
396,8365407989436421635,,2,8.4,0.0,0.0
397,-8357738771137057854,0.058574239443014986,3,8.8,2.7487163845254434,0.20558400000000002
398,3257242292074930225,0.0,2,8.8,0.0,0.21428550000000002
399,-5470921345286138450,0.16991150442477876,2,8.8,0.38874485282903765,0.4999995
400,184432636300372720,,2,8.4,0.0,
401,-7485899267889116500,,2,7.4,0.0,0.0
402,8137337465897858822,0.2999016715830875,2,9.2,3.8660246773713296,0.243543
403,-6029941960561445879,0.06818181818181818,1,6.8,0.01394365890324408,0.21428550000000002
404,8520475623048908632,0.12291933418693982,2,8.8,1.0977726457366537,0.21649500000000002
405,-6345870047627897900,,2,,0.03231733443720633,0.75
406,-3220155853161712429,0.017291066282420747,4,10.0,0.1160519110801252,0.0
407,6869873909162924579,0.11211616281837658,2,9.2,1.467134360225713,0.33039599999999997
408,-8236736170509270003,0.03333333333333333,2,8.4,0.09437387887898792,0.0
409,-9076052207444688139,0.0,2,8.6,0.0,0.0
410,-2751854530790774768,0.0,2,,0.0,
411,-5611211938414427545,0.0,3,,0.0,0.0
412,-2027703191806306045,0.06678082191780821,3,9.4,0.5501209176670516,0.30000000000000004
413,-7984769733864144954,0.0,2,,0.0,
414,3777414931358839333,0.2469879518072289,2,8.4,0.18693217717161595,0.321429
415,-5324402573435701341,0.2082931533269045,3,8.6,0.3764061671641358,0.3409095
416,7291876207365056487,,2,8.2,0.0,
417,6295969894857811752,0.07120743034055728,2,9.4,0.10268923796451629,0.23863650000000003
418,821779048915667333,0.04,1,,1.7137896914092314,0.0340905
419,-8683044561934678943,0.12806539509536785,2,8.8,0.2823590927906926,0.282609
420,-25241564720458363,0.2730125523012552,1,8.0,2.3676710553048963,0.1633665
421,-6645104870972964473,0.027829313543599257,2,7.4,0.024401403080677137,0.2500005
422,-6971498319279195931,0.08244462674323216,1,8.2,3.1378947603019247,0.147888
423,-8867569496756644722,0.045454545454545456,3,9.4,0.22317116567535966,0.1363635
424,8431102228771458571,0.23076923076923078,2,8.8,1.0609526714452748,0.25308600000000003
425,1556484356042300395,0.026331719128329295,1,7.6,0.33334059565567875,0.026785500000000004
426,-5175879032344572705,0.016835016835016835,1,9.8,0.03827243876046682,0.333333
427,-6592440462505733440,,3,9.2,0.0,
428,5359703862645522609,0.10913705583756345,2,9.6,1.624681121975847,0.25324650000000004
429,-1770209604175891633,,3,8.0,0.0,0.0
430,-8760264544701549521,,2,8.2,0.0,
431,-1073791522432992242,0.23053589484327605,2,8.8,0.6714743240593477,0.2500005
432,-2222240750472235811,0.029484029484029485,3,9.8,0.14648104170751725,0.0
433,6232322477246922987,0.035460992907801414,2,9.0,0.09833184455725252,0.272727
434,6387217957681876028,0.02973240832507433,2,9.8,0.17240753248073667,0.321429
435,7842758589917532536,0.25166112956810627,2,9.2,0.8744562336143852,0.401961
436,4686589436720103240,0.1303648068669528,1,9.0,0.6516481840562975,0.1956525
437,-8927597358350074098,0.3499381188118812,2,9.2,4.1948626331728365,0.270903
438,-2442805834145549017,0.0,1,9.0,0.0,
439,-3487648580706478601,,3,9.4,0.0,
440,-7455719788972122042,0.3196314670446492,2,9.0,6.0946135355163875,0.2899485
441,-1249386614889987096,0.14678899082568808,2,9.4,0.2931073298619432,0.294117
442,-8877664851340256084,0.10611353711790392,2,9.2,1.5236352280732333,0.22115400000000002
443,-2840951769909259772,0.02892199824715162,3,9.2,0.12099029027502414,0.111111
444,-636678666472617659,0.06705298013245033,2,9.8,0.22215444054699812,0.39
445,-7945248296438368162,0.2033057851239669,2,9.4,0.3241174462769704,0.20769300000000002
446,6808817111077703785,0.15786657153050304,1,9.6,2.66504520388067,0.290817
447,-3819659553281313414,0.08422791081750619,3,9.4,0.3461222829836525,0.1981125
448,5309789926057257527,0.06741573033707865,1,8.2,0.0,0.0
449,-4127320666054920764,0.03894297635605007,3,9.2,1.9073490363658152,0.083334
450,-6350476054196897856,0.04203262233375157,1,8.4,1.598591244668,0.289773
451,3265119711996786274,0.25418060200668896,2,9.2,0.6955852342462073,0.256098
452,2536728620277869882,0.31438721136767317,2,8.8,1.1725745658946818,0.2368425
453,4165788992158495927,0.10401459854014598,2,9.4,0.31445855755753577,0.44680800000000004
454,1203487272651112027,0.11583011583011582,2,9.2,0.9205174344996112,0.18888900000000003
455,3635575446871057093,0.23241590214067276,2,9.0,1.3200723327305606,0.289062
456,-4799918035815995209,0.34811603867955987,2,9.2,3.581269018206642,0.2930115
457,-4169581637844817532,0.18777166038829324,2,9.2,2.369913650987313,0.29807700000000004
458,-2954464522809190599,0.05934298834334158,1,8.8,0.5624668656542989,0.22602750000000002
459,910330554463919818,0.19488817891373805,2,9.4,0.8134527259126924,0.2228565
460,8133571395385983467,0.26858877086494687,2,9.4,4.786233541761985,0.18805950000000002
461,-8246238859786943372,0.05165864775892631,1,9.0,0.3663115391039747,0.364077
462,-6658916677479697620,0.3062283737024221,2,9.2,2.3558247456371597,0.296052
463,5351427729666394179,0.20194583223770707,2,9.4,3.196220687451433,0.3706395
464,249755018433535487,0.24366471734892786,3,9.4,1.2269693602620246,0.363861
465,8892071497629402173,0.138676844783715,2,9.0,1.109755477606629,0.305232
466,6759250263314878641,0.23860021208907742,2,9.0,2.0363551856612707,0.2193885
467,5178550301849432728,0.1542938030827304,1,9.2,2.661060153815987,0.353403
468,-2437373799663711196,0.0746096009253904,3,9.2,0.41794665098005035,0.1764705
469,2825547941213419305,0.0921803127874885,4,8.8,10.233846779523157,0.189786
470,-5989792845460245843,0.09903713892709765,1,8.6,0.5247754126814673,0.30000000000000004
471,-5726854274381127162,0.23071462375769047,1,9.0,3.61422163294948,0.2895645
472,5214772997729781331,0.39881831610044316,2,9.2,3.2950608945728668,0.2816325
473,7933826470430062978,0.17580894938462793,2,9.0,8.612242823009943,0.189258
474,-5771469939979608451,0.2564102564102564,2,9.0,1.8431047880491225,0.2620485
475,1831287801098947338,0.16273584905660377,2,9.4,1.5355454367197543,0.16101749999999998
476,-5310665805278821773,0.23319959879638918,2,9.0,3.104207063334713,0.3086535
477,-755594090294340908,0.039647577092511016,2,9.6,0.0,0.13235249999999998
478,7870663800977423526,0.11121408711770156,2,9.4,0.6838928952700494,0.321429
479,8997767066614125288,,1,9.2,0.0,0.2229735
480,-2967111465519213773,0.1269014886520784,2,9.2,5.222989607616723,0.43640399999999996
481,-1804982865918832903,0.31440548780487804,2,9.4,2.5934479327799442,0.38819100000000006
482,-5704073186568956211,0.031098825155494128,3,8.6,0.352077387306913,0.13157850000000001
483,6381829970574949525,0.2363238512035011,2,9.2,2.6131288263360855,0.19696950000000002
484,4982286870246197367,0.28740157480314965,2,9.2,0.4791680283521065,0.28278749999999997
485,2721794118301577116,0.3526924161263039,1,9.6,3.3405230324553186,0.4180785
486,-1863654162749204981,0.23667079975201488,2,9.0,6.411178166554101,0.29491500000000004
487,-8504124776630624134,0.07802528597230585,2,9.2,5.908262344132407,0.20542649999999998
488,-1367774551954639439,0.4231427593289969,1,9.4,3.0539517927042708,0.551163
489,-873325902863668109,0.5301167793484941,1,8.6,4.398498151738963,0.34213649999999995
490,-8610741821203543900,0.43602800763844685,2,9.2,6.801963731962207,0.4138425
491,4927310195914786674,0.12706611570247933,2,8.4,0.3276033610027815,0.3194445
492,-6102067884339988797,0.050239234449760764,2,9.0,0.0,0.15000000000000002
493,7423719730767406774,0.07423580786026202,1,9.2,0.21540048076573926,0.243243
494,1458905002248922104,0.49927007299270076,1,9.4,2.12125173387946,0.472155
495,-891493081574758424,0.38148027388327355,2,9.0,3.03180170955068,0.3459405
496,6073916910747814877,0.20895331921084198,2,8.6,21.238443829567817,0.32358750000000003
497,1561010718130169131,0.4081889763779527,2,8.4,6.607696609221697,0.197865
498,7956284675629477444,0.1584385763490241,2,8.4,1.0594275837527323,0.25324650000000004
499,-5505329314095346616,0.0,2,8.8,0.0,0.15000000000000002
500,7281880014918871216,0.09435916752989923,1,8.2,2.4458775427206114,0.23529450000000002
501,-1420067436362358310,0.11332633788037777,2,9.2,1.7703072688584356,0.24
502,9133674899196048858,0.3562708102108768,3,8.6,0.9868769835217907,0.2687865
503,7944267740853612050,0.21226415094339623,2,8.2,0.25926490773219457,0.352941
504,1125860719451082561,0.04585648072055488,2,8.8,4.215097145203584,0.18705
505,157269682787275227,0.4333333333333333,2,9.2,5.1105688577093185,0.366822
506,-1787997410013647823,0.21144674085850557,2,8.8,1.05129378272584,0.3411375
507,5674701846854900524,0.24611826891311528,2,9.0,8.895909133822814,0.1865175
508,5157400086225636128,,3,8.4,0.0,
509,-6690941240915083874,0.19493614160878334,2,9.0,3.9162799480017716,0.24043949999999997
510,-4052608170615964386,0.04343012858724346,2,8.2,1.4154992483496374,0.11842050000000001
511,-1057777760786588539,0.18683274021352314,3,8.8,1.4377945779501369,0.2444445
512,2038091771817113917,0.08964143426294821,1,9.4,0.1897644828863374,0.42307649999999997
513,-6715203592372804978,0.1837191934279313,2,8.6,1.0874601480061294,0.4176465
514,7034674410420405587,0.13924050632911394,2,8.6,0.10189038250651794,0.47727300000000006
515,-2013392679058604870,0.18588115794819707,1,8.8,1.193126938132276,0.329268
516,4168892651106862300,0.24969951923076922,2,8.4,2.543410531819865,0.3026025
517,8555011602643323738,0.08450704225352113,2,8.6,0.03936178711228276,0.6000000000000001
518,-1429236485881523696,0.11732418524871355,2,9.0,6.0388388999034115,0.2552955
519,3708404773073551473,0.29710610932475884,2,8.6,1.076058301923789,0.24390299999999998
520,2238806252732032009,0.3023255813953488,2,8.8,1.1612453430357959,0.23856899999999998
521,4055135439123482652,0.14106102422569766,2,9.2,6.832610732259963,0.151785
522,-3759043180809795631,0.15859030837004406,2,9.0,0.20595946171666776,0.1666665
523,-5993803185180386743,0.1895306859205776,2,7.0,0.23936614450569002,0.375
524,957887893725117810,,2,8.6,0.0,
525,-2989978895514161375,0.24681421864520459,2,9.2,3.3896889547339453,0.366492
526,-625663578161848759,0.07258064516129031,2,7.8,0.05860694132769777,0.0
527,-6266595204015227463,0.20372285418821096,2,8.6,3.156423160998424,0.17364600000000002
528,-350564067581820248,,3,8.6,0.0,
529,-6040094382371391944,0.023809523809523808,2,7.8,0.0,0.0
530,-8509954856400371252,0.12313432835820895,2,8.6,0.17741853489909004,0.3870975
531,-1753640324167486057,0.15175097276264593,1,7.8,0.03362455245938546,0.1875
532,-7214407706514247556,0.12435233160621761,3,8.6,0.11786749166648511,0.1363635
533,-3159559874382991254,0.02245508982035928,4,,0.1253476836822879,0.2500005
534,164698468649108029,,2,8.4,0.0,0.0
535,-6527011941714752864,0.015113350125944584,2,,0.014161528573607267,0.1363635
536,299558142154586126,0.022277227722772276,3,,0.4995387482221948,0.2500005
537,1949003635781651024,0.0,3,7.6,0.5202998886500029,0.18
538,-1295387667386397906,0.0,2,8.8,0.0,
539,-7774758736258262220,,2,8.0,0.0,
540,8744643647003170080,0.2397003745318352,2,8.4,2.2650457163191646,0.24461549999999999
541,-3860788784919609862,0.29223433242506813,2,9.4,2.464832204042209,0.2755095
542,1047629735794573791,0.06289308176100629,2,,1.2428826961883672,0.2500005
543,-1044481726847716233,,2,7.6,0.0,0.0
544,-8224407208905424333,0.0,0,,0.0,0.0
545,-2489007039876121338,0.046875,2,,1.3897994143640309,0.0
546,-483941077340786340,0.25187969924812026,2,9.4,0.455638103952882,0.16810350000000002
547,3893632888514343003,0.06261859582542695,1,,0.0,0.321429
548,6650873972289900302,0.11351351351351352,4,8.4,0.6589105064017372,0.1363635
549,5578033111105922322,,2,6.6,0.0,
550,8651597358551337893,0.11177884615384615,2,9.2,0.2268023268480795,0.2872335
551,-5058268208122031063,0.14131274131274132,2,8.6,0.6510671982686624,0.1755315
552,6759915517187736255,0.023076923076923078,3,,0.0,0.0
553,-7147922509823629065,,2,,0.0,
554,5073498958705478282,0.228515625,2,8.8,0.3383515980740321,0.330882
555,7783217892208100445,0.27049180327868855,3,9.0,0.28315794824869095,0.142857
556,2356772020720540088,0.09662576687116564,3,9.6,0.18315576955198734,0.5384610000000001
557,4378008597030530946,0.10344827586206896,2,9.2,0.13682215298808253,0.230769
558,-3735715912338896564,0.18863955119214584,2,9.0,5.822784810126582,0.377484
559,-63467673822109087,0.0,2,9.2,0.0,
560,6231976413840970293,0.09215017064846416,2,8.6,0.0,0.2027025
561,6928386145682051781,0.10632911392405064,2,8.8,0.599867825733313,0.30303
562,-3173311959681497152,0.22070844686648503,2,9.6,0.20821078164375406,0.394737
563,-1626915724301942425,0.34800000000000003,2,8.6,0.46260993340450407,0.30000000000000004
564,-2181145220230662698,0.022556390977443608,2,8.8,0.10348809342251464,0.375
565,5709878487803382697,0.10985915492957746,2,9.0,0.12876097518464455,0.30000000000000004
566,1444929499448760002,0.039473684210526314,2,9.2,0.043791803743000936,0.0
567,6469443855169208012,,3,8.8,0.0,0.0
568,4716004182937476118,0.1015262110152621,1,8.8,1.2080873221638815,0.181452
569,745975094363787460,0.01904761904761905,2,9.0,0.06151187026587362,0.0
570,1937475094690863016,0.03,3,8.2,0.0,0.0
571,3743136779551181004,0.22879377431906617,2,9.4,0.8851318474621814,0.3776985
572,-4916597961436859296,0.18604651162790697,2,9.6,0.5135914362694903,0.1909095
573,5168599527079813940,0.1393643031784841,2,9.0,0.8849139777918182,0.6639345
574,-872955352121329203,0.0,2,9.2,0.0,0.0
575,-627085847122081982,0.05421686746987951,2,9.0,0.0,0.75
576,5099573980004512539,0.15279299014238773,1,9.4,0.89720537977075,0.2765955
577,7034646614699541348,0.04909983633387889,3,9.6,0.32026841543388745,0.20588249999999997
578,4376691483432435683,0.0633245382585752,2,8.4,0.31576577557971486,0.2500005
579,2411432698916142994,0.1689497716894977,2,9.2,1.3787518972817128,0.375
580,8809489935623380061,0.15207373271889402,4,9.0,0.8456248139029898,0.3035715
581,6314754032402699525,0.16370106761565836,3,8.8,0.37960158899612917,0.375
582,8566399419009743300,0.25089928057553956,2,8.8,0.5869408919584305,0.1875
583,-631044373586771827,,3,8.2,0.016558094947602343,0.1666665
584,-7644875944564651785,0.03314917127071823,3,8.8,0.0,0.0
585,-1912113023825871107,0.2822966507177033,2,9.2,0.4250637268785812,0.391305
586,-664112183152475414,0.3653932584269663,2,9.2,4.781222539343631,0.379518
587,8335233138680167880,0.02997275204359673,3,9.0,2.440140308067714,0.1448865
588,5490224233461808891,0.35932020501753437,3,9.6,6.273339288437657,0.308544
589,-9037292030743651882,0.0,2,8.4,0.0,0.2500005
590,-2874522927268116455,0.1953113334328804,2,9.4,5.967450271247739,0.321429
591,2914535818728737794,0.21208586094260382,2,9.0,3.9700937565814796,0.22173900000000002
592,-6379758353866887875,0.22505233775296582,1,9.4,2.9721780430946207,0.4143975
593,823997140889767262,0.15913746630727763,2,9.2,5.8568451019266945,0.40993799999999997
594,1773255611083988633,,3,9.0,0.0,
595,2792240245924318324,,2,8.2,0.0,
596,6039242552801057517,0.23775870772337204,2,9.0,1.532204768440852,0.2920785
597,-336895001479039692,0.09062651772705196,3,8.8,2.1184194281647386,0.3624405
598,553507585444356614,0.0,3,8.6,0.0,0.0
599,781670881856397399,0.031141868512110725,2,9.6,0.025853867549765066,0.21428550000000002
600,-7944289082320402092,,2,6.8,0.0,
601,-2577679898897118908,0.05725190839694656,3,9.2,0.07022665708040117,0.0
602,-6435492022737760762,0.004724409448818898,3,,0.14783364138528288,0.30000000000000004
603,-6072638020498310025,0.014018691588785045,2,8.6,0.0,0.0
604,-2926729635273634266,0.06724511930585683,2,9.0,1.2361650794551253,0.15000000000000002
605,-8840815337037765429,,3,8.4,0.0,0.0
606,3711999151634573115,0.2967032967032967,2,9.2,0.9708272511383691,0.432693
607,2745706397805251560,0.039955604883462816,2,9.4,0.06441679920404947,0.095745
608,-4463595667753713256,0.29479034307496826,2,8.8,3.1328206133757455,0.275343
609,-6037962028963023074,0.047872340425531915,2,9.0,0.019535647109232588,0.21428550000000002
610,-671808321869187319,0.15200693756194253,2,9.0,2.9221406421345417,0.2848395
611,-554629701534861326,0.17891972993248312,2,8.6,5.075637087227753,0.263937
612,-887684969696034739,,2,,0.0,
613,-5484902271526261467,,2,5.2,0.0,
614,3960202161724079804,0.017821782178217824,3,8.8,0.06950042484585721,0.1875
615,-8667775948823318699,0.0,2,8.8,0.0,
616,8859817844256092646,,2,,0.0,
617,-4873795845340244088,0.16344740709636782,1,8.8,7.250784102900206,0.28051950000000003
618,-7687560343803042077,0.1864314789687924,1,8.4,6.590076155999827,0.272007
619,1702579354618140753,0.3022670025188917,3,9.6,0.7849117990951147,0.4766355
620,2727370649786655310,0.0,0,,0.0,
621,-1215305274243821965,,2,9.2,0.0,
622,5766715736584792395,0.5498229640870005,1,8.6,7.118165246882648,0.5038005000000001
623,-6947882161964907709,0.2853146853146853,1,8.8,2.4688991045556548,0.2783505
624,7200224660315769632,0.28727817469463013,1,8.6,5.747728708686464,0.35328750000000003
625,7248946849485846518,0.7158620689655173,1,8.4,12.18668525821187,0.470922
626,359503378542243388,0.1366132723112128,2,8.6,2.727365156829851,0.3147675
627,-1555182481309766927,0.23166023166023164,2,8.6,0.38475783786139134,0.2743905
628,2664493116608292981,0.38188808201623237,1,8.4,1.933375454802937,0.38365350000000004
629,-3114211221578932822,0.24461802248047246,2,9.0,5.622272090168994,0.2264145
630,-2702910948529521373,0.2513181019332162,2,8.8,1.92219147839096,0.2559525
631,5836254628095905409,0.2708124373119358,2,8.6,1.3115027923629419,0.29065799999999997
632,-5958128875504164291,0.15063649222065062,2,9.0,3.3440089471811296,0.3208095
633,-2322580878215783374,0.42823621431364883,1,8.8,3.445372512672849,0.30612300000000003
634,7822569105935240752,0.18434059761851268,2,9.2,5.469327581574036,0.3195495
635,2041418819735703267,0.10344827586206896,2,,1.6261880695806705,0.069768
636,2727696837550077920,0.13646449704142014,2,9.0,1.9838392735695636,0.234375
637,5622542189046254869,0.01764705882352941,1,,0.0,0.0
638,-7364956451618710562,0.3406223717409588,1,9.4,0.8294734090067322,0.4962405
639,2300046277523552640,0.08696921056471618,3,8.2,5.720676557949702,0.1776705
640,8186682924953055136,0.0677376171352075,3,8.4,2.5925038308750374,0.263859
641,8630863853291363951,0.10088653360408104,2,8.8,6.963305230037427,0.4045125
642,2873953881811121123,0.1374570446735395,2,8.4,3.032337187937569,0.181452
643,-3064903737204508707,0.1952542372881356,1,8.4,0.8226758124188207,0.705882
644,-303632419417399986,0.11414982164090368,1,8.4,0.4373098100745063,0.375
645,283519543144962124,0.24852724594992637,2,8.6,2.3671539684960456,0.262803
646,-5373138636977484338,0.1802019315188762,2,8.6,12.140787380988693,0.2896635
647,6895638406641023853,0.35732387227572227,3,9.0,2.0695974660346184,0.3628425
648,-7662594966286661286,0.2547025927808846,2,9.2,2.9157918281059474,0.26220449999999995
649,-1559342796445485748,0.3468950749464668,1,8.4,2.2983542212313397,0.3984765
650,7105713480928069586,0.30131643100926375,2,8.6,1.472759150630966,0.36
651,5364284455032311670,0.2656023222060958,2,8.4,0.8435247516180003,0.424242
652,2960105142779674973,0.15338882282996433,2,8.6,0.2932242400629162,0.2678565
653,4330737232635474591,0.24767300687980573,2,9.0,4.805731725794931,0.3022725
654,-7018453133318028773,0.23731048121292025,3,9.0,1.4874780839412107,0.3090135
655,3001709279289094874,0.2444164831708084,2,9.0,1.4987337388255157,0.35566949999999997
656,-3621741757910659267,0.21607717041800642,2,9.0,1.0146684271665332,0.2403315
657,-6760674962290746608,0.2690711777848707,2,8.8,6.425319451358975,0.334002
658,2083023337739491004,0.5519013360739979,1,8.6,6.728717071798091,0.6606855
659,8156589715251520207,0.19619771863117874,2,8.4,0.719712547890647,0.33
660,9007309594227839426,0.19399538106235567,2,8.8,3.632979068811013,0.330303
661,-6868438775806340486,0.24927038626609443,2,8.8,5.6808949688665695,0.2780895
662,3778895163779717364,0.17208413001912046,2,8.4,0.601528171605446,0.3035715
663,8245643770486027895,0.39900559353635795,1,8.8,5.517435442325591,0.44999999999999996
664,4314406241867395907,0.24471755066839154,1,8.6,7.868604659552515,0.351132
665,-3543025077616813629,0.11259640102827764,1,8.4,0.6560748068140003,0.25714349999999997
666,-2681356956481819987,0.19183168316831684,2,8.6,1.1347287459324518,0.2765955
667,5289950536622452130,0.125,2,8.8,0.3124165746733335,0.2368425
668,-3904422054084545494,0.06256504683372029,2,9.0,5.001445548604982,0.502638
669,-3076644654800061823,0.07032076136764187,1,8.6,1.2406128904906608,0.2329545
670,-2463392914834934720,,2,7.4,0.013059445731148582,0.0
671,8796608461664938767,0.07419786096256685,2,7.8,0.9796813721316946,0.156717
672,2813055781382411899,0.11602209944751381,2,8.6,0.35087339552804175,0.3987345
673,-4695787550585770206,0.225473321858864,1,8.6,0.9879001709993723,0.3012825
674,-5513786154158047947,0.289405684754522,2,8.8,2.425593627567696,0.25806450000000003
675,5788675179222482304,0.07509986684420772,2,8.4,1.7146114273757729,0.30693
676,-3006359367610047530,0.22610294117647056,2,9.0,2.1629616802672493,0.3082185
677,-6261263913120781158,0.3829990448901624,1,8.8,3.028853438386112,0.459051
678,7228671737193177528,0.24966334500403986,2,9.4,4.033925698247437,0.421569
679,-3206731599088498373,0.1257305444478622,2,9.0,24.821047074345575,0.3382845
680,-7432262375854114873,0.26040107752170005,3,9.2,3.2746740549939757,0.26470649999999996
681,413487228733416581,0.1850802644003777,1,8.8,2.0206065066343424,0.26066999999999996
682,8220935099878472881,0.06912442396313365,2,7.6,0.1256881462080709,0.193548
683,5525239863772671926,0.06447534766118837,1,8.6,0.3399784988131056,0.181035
684,3414499271267605068,0.29491133384734003,1,8.6,2.2553879232595224,0.39534900000000006
685,8994013416616828837,0.44009293063391974,1,8.8,3.665014394250958,0.28580550000000005
686,-4465789832416022877,0.2564635572300897,2,8.8,5.094338261289927,0.3383355
687,-4908986013854136908,0.28098229583095374,2,8.8,18.565659397072388,0.40322549999999996
688,-2300001337139611902,0.20398505603985057,1,8.4,7.167465767935777,0.29933550000000003
689,6190679554450562224,0.24788779993240959,1,8.6,32.85577390051596,0.4336215
690,-4932733389186207434,0.09290601368383147,3,8.8,14.5501025630497,0.3246015
691,510420153600721802,0.05181873602926235,1,9.0,3.1186135728790134,0.3990825
692,-348790491857102320,0.07000622277535781,2,8.0,2.442935694892162,0.2422365
693,-1771080781113938955,0.2043584932890749,2,9.2,23.910131256865157,0.2859705
694,-8354463039595342537,0.06912442396313365,3,8.8,6.691590369064188,0.291666
695,-1564386324969663378,0.3978228599703117,3,9.2,5.857702547674192,0.3905325
696,3514739969456143664,0.38243045387994146,2,9.0,31.201180400730173,0.3203925
697,7418803810439722014,0.39702233250620345,3,9.0,2.7035938728832516,0.3006465
698,6140978987496634596,0.13254035683942225,2,8.6,0.4782931809490826,0.3035715
699,-4423503765569364646,0.3537117903930131,2,8.6,4.459908944638051,0.18524849999999998
700,3197045726179775641,0.16733067729083664,2,8.8,0.2594572754100017,0.285714
701,-5750366687366591435,0.26507200390529656,1,8.6,30.148499199812257,0.3494385
702,-5700715936534343820,0.09944751381215469,2,8.4,1.1870809607467985,0.2802195
703,-2995917904040302160,0.30526315789473685,2,8.4,3.654462309690583,0.058824
704,-3381629945637469299,0.21647350993377482,2,9.0,24.26540809574874,0.323604
705,-7384855303319837887,0.21289355322338832,1,9.2,10.791941408656369,0.2588355
706,350974075505821862,0.1943497320993668,1,8.6,8.51262862488307,0.40800000000000003
707,-12677294323234182,0.1107732406602954,2,8.6,4.919443421348553,0.2578125
708,-8916387413644845878,0.14835652946402134,3,8.4,10.673950385100536,0.324468
709,-2271708512593869855,0.16271186440677965,1,9.0,26.82111974133238,0.5980125000000001
710,8440304045823496031,0.11630218687872765,2,9.0,3.841227106644981,0.084
711,-3973038774878599182,0.14211274277593555,2,9.0,10.483926167605922,0.2106165
712,-1051367254713913638,0.28229074889867845,2,9.2,30.613129597820098,0.37715550000000003
713,-4200681269159107489,0.2702312138728324,2,9.2,48.243009357796375,0.35961750000000003
714,734080013878199077,0.25225571126895757,2,9.2,19.76968934462831,0.291201
715,147497167566150024,0.10292146877512731,2,8.4,8.344116582953882,0.22767900000000002
716,-7142231709429306484,0.078064012490242,1,8.6,3.7551784043832686,0.212766
717,4058481783719942418,0.1215486194477791,1,8.6,11.158137306349678,0.2915835
718,-7713528106742601543,0.10190555095277548,2,9.2,5.709201018242976,0.24358950000000001
719,5806801414728987531,0.1687041564792176,2,8.8,0.848863972524658,0.2599995
720,-2412717386613579663,0.26599568655643424,3,9.0,5.662351998961016,0.253662
721,-4211378861592941892,0.09782608695652173,2,8.8,0.12301853575474217,0.2264145
722,6151720968092706843,0.11331444759206799,2,9.2,11.419379862648018,0.3337155
723,2300969183006418341,0.1782166367444644,2,8.8,56.206099679598964,0.3292215
724,7611052589440241462,0.1350407450523865,2,8.4,3.8604576878322567,0.26932649999999997
725,1486115829012393070,0.26415474511384246,2,9.0,3.0566678932444424,0.5403720000000001
726,6994327881557323832,0.05263157894736842,1,9.0,0.0,0.0
727,6144191670078260618,0.1462889924704195,2,9.2,1.8368460262487987,0.682836
728,-9198435910974164936,0.043747238179407864,3,8.6,0.3200646478639509,0.3437505
729,5976932403723417814,0.056320400500625784,2,9.0,0.0,0.321429
730,4161401337314276444,0.183430386447856,1,8.8,7.7130927663679945,0.46108950000000004
731,1926134713368143324,0.056660039761431406,2,8.6,0.9781521041189298,0.394737
732,-1143635127257926793,,3,7.0,0.0,0.0
733,-1012604272228201392,0.019933554817275746,2,8.6,0.0,0.333333
734,5349742449137229592,0.2197922361946419,2,9.0,5.122831263058054,0.666666
735,7780642023246897662,0.12813370473537605,2,8.6,0.45689000798479557,0.1099995
736,1744504799796043168,0.0,1,7.6,0.0,0.0
737,1953559755297131695,0.2752992383025027,1,8.6,1.8214630674597123,0.416667
738,-912451006735730106,0.11871227364185111,2,8.8,0.5000835167069726,0.37974749999999996
739,-9187357332082591343,0.08874458874458874,2,8.4,0.8024048944674749,0.239583
740,1258227734214946708,0.4529258178467209,1,8.2,7.587383893621502,0.583833
741,4242617202329653910,0.1412056151940545,1,8.4,0.732187338867223,0.2684205
742,-4836524209289255727,0.1720741599073001,2,8.4,0.7672643557956963,0.3178815
743,-151149914203502561,0.04735595895816891,2,8.4,0.20073058962795123,0.3068175
744,-5395232461768807165,0.04030710172744722,2,8.0,0.03718309040865088,0.1304355
745,1157202221997180870,0.05,2,8.4,0.290492893817585,0.308823
746,1606463912219618573,0.07468879668049792,2,7.4,0.10501318111505699,0.0
747,4303633681523856823,0.08353510895883777,2,8.6,0.43501310849183356,0.170454
748,-6874459823414505212,0.28642384105960267,1,9.0,1.3323456574943535,0.534147
749,-5838566308324489813,0.33932253313696614,1,8.6,3.408353123161725,0.34775100000000003
750,1955543276338749850,0.12752880921895007,2,8.8,1.3711990820424556,0.3633225
751,-9184026324631561968,0.09759547383309759,1,8.2,0.46275517985141285,0.358695
752,-6342214431041210551,0.07307692307692308,0,7.6,0.15236352280732332,0.394737
753,306174845344757340,0.243859649122807,3,8.8,5.019789828391323,0.27052200000000004
754,-5064330078514031600,0.23616905496100127,1,8.2,4.899344212292207,0.282903
755,-4921337127622434455,0.23444095681350796,3,8.6,4.659469705222336,0.354237
756,-1337411417318850572,0.13805697589481372,2,8.0,2.0007698061686168,0.201183
757,6311748867511907593,0.15952672378620972,2,9.0,3.433117642359674,0.421383
758,4075026487429371669,0.09722222222222221,2,8.6,1.0252220455057117,0.165138
759,-5148787005593622810,0.15779092702169625,2,9.0,2.2097068200469145,0.271341
760,1757326418735212449,0.15659679408138102,2,8.8,0.9711177440321865,0.30000000000000004
761,2787383331755416711,0.03795918367346939,1,8.6,0.17428847396820554,0.2500005
762,-6477717598905558400,0.20405727923627684,1,9.4,0.36647857251791977,0.565218
763,7729879840226058987,0.06686815262561391,1,8.6,0.36664560593186485,0.20312550000000001
764,-632109002412878162,0.11070110701107011,4,9.6,0.02342098956404279,0.705882
765,2170556860532637799,0.25867006045179763,2,9.0,3.3128535843191935,0.2537175
766,-9197695348685406305,0.16370106761565836,2,8.8,3.6599199692077535,0.287445
767,7194071590026868196,0.30530973451327437,1,8.2,1.1906940601465537,0.3035715
768,-7654603132994439194,0.0806,2,8.6,2.9124817534151073,0.349914
769,6625412477130406620,0.1192402391839606,2,8.6,0.7393770379892082,0.3472905
770,-1441581063323613759,0.1541095890410959,2,8.0,0.4215051889293158,0.32876700000000003
771,-6363891952874451240,0.13880918220946917,2,8.2,1.3173852734627478,0.19871850000000002
772,459630579601879027,0.06658047834518423,0,9.0,0.7733647065658656,0.2547165
773,-462603001169317840,0.10775510204081633,2,8.8,0.40175167214972,0.3046875
774,-5502367916970670956,0.10208333333333333,3,9.0,0.976854978685084,0.3201225
775,-1498717153989572032,0.0798611111111111,2,8.6,1.0049601032893554,0.27822600000000003
776,6058216003662426439,0.06781914893617022,2,8.6,0.2163445826706464,0.1363635
777,4025983373505719827,0.05725190839694656,1,9.8,0.0907427177062681,0.26086950000000003
778,-5415831380858679789,0.004195804195804196,3,,0.0,0.0
779,447574906646387559,0.21643763213530653,2,9.0,3.6949969861362266,0.2545455
780,5334081166549257897,0.18518518518518517,2,9.2,1.9574863649897962,0.2962185
781,3018138119273160507,0.2971153846153846,2,9.2,2.050661960681787,0.2795865
782,4897367115977241878,0.07839195979899498,2,9.4,0.2837026224245989,0.1829265
783,8755600233090171345,0.258453237410072,3,9.0,3.9137381351808678,0.4049775
784,-606867713506457801,0.3212686567164179,1,8.4,2.0829066718955387,0.3717105
785,200714536466877197,0.14591439688715954,2,8.8,0.4117010537629723,0.3068175
786,4122353927407719551,0.16853932584269662,2,8.0,1.836278205044409,0.1525425
787,-1149385064191383013,0.2689655172413793,2,8.6,0.3383515980740321,0.0499995
788,3828513221930446054,0.09615384615384615,2,7.8,0.08384351147810047,0.0
789,-2791175686387892647,0.08084193591634267,0,8.8,2.424371841352801,0.22527450000000002
790,-1119852457197743154,0.42390119869233567,1,9.0,6.855886475377096,0.6278235
791,-1055883078292720834,0.2605080831408776,2,8.6,1.5387408585517477,0.38073450000000003
792,3197827785716790734,0.30704225352112674,2,8.8,0.9858799252509073,0.276498
793,-3039415412253753041,0.024504084014002333,3,,2.0445905247829375,0.0
794,2947024767716789970,0.09125475285171103,1,8.8,0.1963245957704712,0.463236
795,-985267148312976517,0.33318465655664586,3,8.8,2.515061653571145,0.2195115
796,-7360442780322948536,0.04219409282700422,4,9.6,1.667424258822341,0.329268
797,7291497962475688220,0.11351351351351352,3,9.4,0.3186081579687906,0.545454
798,6553365451855438682,0.07538167938931298,2,8.0,0.7107086727225961,0.207237
799,1989003680437386972,0.4488381573583367,1,8.4,2.3401300172442405,0.341166
800,1261308459184336796,0.16872756282409254,2,9.0,2.5934183279580365,0.323595
801,4603300985762479293,0.6460875807609476,1,8.6,2.1595705534751835,0.4222515
802,7790332014952798473,0.2952029520295203,1,8.8,0.6569406264204853,0.2061075
803,-6498931179224101116,0.29120879120879123,1,8.2,6.3066660894535955,0.320532
804,-6608934995486361280,0.6051502145922747,1,8.8,1.9532890322301348,0.29909399999999997
805,-2434942156003009366,0.07447864945382324,2,8.8,0.5776718430894515,0.198795
806,-1117244530825428805,0.2519642373340558,2,8.8,4.24057341291663,0.2649255
807,8774293230213040663,0.47158403869407495,1,9.2,0.7443884066754691,0.4246995
808,-8993729556210325606,0.05084745762711865,2,8.8,0.3343506713709532,0.14151
809,2670538490955001630,0.17218543046357615,2,8.8,0.8695714914464238,0.34177199999999996
810,-3188882204656457060,0.1919431279620853,2,8.8,0.3964010765023774,0.2790705
811,2393315879795504287,0.07824639289678136,2,8.8,0.5922927624696062,0.21686700000000003
812,478834019158396263,0.49546916106401634,2,9.0,4.61171598230842,0.42887549999999997
813,-6563406567349907669,0.22362869198312235,2,9.2,0.32619753674321955,0.288462
814,8189090908345335956,0.4131994261119082,1,9.0,0.45181353131741664,0.276786
815,2542674849763499656,0.04643449419568823,3,8.8,0.9821916002511082,0.2596155
816,-3917077144524025302,0.1429034348671419,2,9.2,1.655374935965425,0.169521
817,-543726540172055075,0.3188528047237453,2,9.0,6.273728868590229,0.257433
818,-6771907480000413705,0.046875,3,8.6,0.0,0.0
819,-3344597317495628939,0.34918858421936205,2,9.0,1.9522067577220286,0.34764
820,-2883578021592436916,0.06834762575195187,3,8.0,1.9366941564391726,0.1980195
821,9071214140207886764,0.32336956521739135,2,9.0,2.981521966564933,0.406035
822,-6434758387262001815,0.3093698022546664,2,9.2,11.910358810075254,0.3976005
823,-4680527323150015345,,2,8.2,0.05873142997323175,0.12499950000000001
824,-8508286606286376941,,1,,0.08024769593377669,0.0
825,-1421785658315824714,0.22143579373104147,2,9.0,0.6653102159498402,0.31428599999999995
826,-435727045995715942,0.015873015873015872,2,,0.9186066359060485,0.0
827,8616639491721268056,0.01941747572815534,2,,0.0,0.75
828,5762198630445184187,0.10537190082644629,2,8.6,0.11075275799620483,0.0857145
829,-1228389353214116459,,2,8.0,0.0,0.0
830,7781175344477179450,0.2466874512860483,2,9.0,2.0040116308433804,0.3217155
831,-8977370070919451504,0.10774861631851454,2,8.6,10.176771502990684,0.2959305
832,6778596706492051822,,2,9.2,0.0,0.0
833,-1423259145119019921,0.17806451612903226,2,8.6,0.6448191519296954,0.2568495
834,-5010011093025589378,0.08683068017366136,1,8.2,0.32222198171677596,0.2619045
835,1976967926015236575,0.08154020385050963,2,8.6,0.1664538193467391,0.23863650000000003
836,434860953328857667,0.5348894348894349,1,8.2,14.539492196800797,0.6568665
837,7707792945937613738,0.23699110272310597,1,8.4,2.17246794288478,0.34919100000000003
838,-8377992356277857614,0.14223938223938223,2,8.8,24.377764954799,0.3322155
839,-5591197200423132293,0.2577205065540991,1,8.6,78.4952234404052,0.44175450000000005
840,-6547450578925449926,0.0949347580396589,2,8.6,31.417580303904597,0.1912755
841,8381262525274370672,0.16517205422314912,1,8.4,19.063281400269283,0.38321099999999997
842,1853121907021739374,0.19719499831023996,2,9.2,41.70289158171443,0.3201675
843,-8934147677210243635,0.024432809773123912,2,8.2,1.7605949862152976,0.178572
844,-9020374950037589312,0.4079029247044182,1,8.8,3.680743450435435,0.355263
845,-7980643195604820974,0.21223441512958208,2,8.8,2.405030411913678,0.41059650000000003
846,604914447258376345,0.1679068262698156,3,9.0,1.4372605467650816,0.272727
847,-4997201418486106175,0.2404761904761905,1,9.6,0.830775557912509,0.39823049999999993
848,-7062484497774557680,0.2560876071282818,2,8.6,10.779309797470365,0.3667395
849,-8317849661969537773,0.3576818593419861,3,8.8,4.6804043377562285,0.3770955
850,-5017374236217749759,0.09879603399433427,2,8.6,0.9817672821201036,0.394737
851,-3603782494107615135,0.15904436860068258,1,9.0,1.8237046977928815,0.4809525
852,-7575569202711765700,0.07102148180622533,2,8.6,1.3093464831369732,0.23604
853,477017509543548029,0.14400000000000002,2,8.4,5.544656023594281,0.15000000000000002
854,-1959371578380798219,0.13908974904296043,1,9.6,6.201192537026351,0.4921875
855,7764228945025828074,0.19872611464968154,2,9.0,38.31121369494134,0.4486605
856,-1005124630080059049,0.09669764682618154,2,8.8,17.43796884016157,0.267327
857,3925509812937575858,0.1912087912087912,1,9.4,2.184333269231396,0.3779535
858,-5799918406126958749,0.24521330198186092,1,8.8,28.509825523218485,0.45081899999999997
859,446788922110201563,0.18024896265560167,2,9.0,30.00833493620568,0.353571
860,-7194483610396448471,0.007537688442211055,1,9.0,0.0,0.0
861,-7740158653913815197,0.05239327296248383,2,8.4,0.6293894855107619,0.3829785
862,-339021438894946092,0.1518697532434495,2,8.6,18.876065910110917,0.284616
863,-6270797825179708019,0.038461538461538464,1,8.6,0.5789574918253511,0.0
864,1251790862927847595,0.06358381502890173,2,8.4,2.3953324357248187,0.308823
865,4033154236969047162,0.08551068883610452,2,9.0,0.6008174384967573,0.076923
866,6025494072464926660,0.03436988543371522,2,,0.5513214176593654,0.0
867,8611464966026136446,0.0125,2,8.4,0.0,0.0
868,-7451469936091203490,0.19810851169736188,2,9.4,43.49490286593576,0.32242950000000004
869,6032815070593280971,0.0,3,8.0,0.0,0.0
870,2924048884117976733,0.10172626387176326,2,8.6,4.879143425017632,0.25324650000000004
871,5976641107092479222,0.14393939393939392,3,9.0,26.6083221132269,0.28398
872,4628281336780812145,0.09059405940594059,2,9.0,1.2742958681404988,0.248031
873,3581614145185211827,0.2768211920529801,2,8.8,1.8177161121813605,0.410715
874,-7006143172727010969,0.3884721673904461,3,9.0,3.5551996074951115,0.401235
875,1741994694628375269,0.1096892138939671,2,8.6,0.4814678528395276,0.2500005
876,8035180688285462492,0.12313432835820895,4,9.2,0.1107022518524932,0.5249999999999999
877,-5095447667825708761,0.44680851063829785,3,8.4,8.426012107044164,0.492993
878,-7679669780815015799,0.37294332723948814,1,9.0,0.977943245524795,0.3106065
879,585779929650235620,0.26028622540250446,2,9.0,0.8355880718918881,0.2171055
880,5461518881112890362,0.30959302325581395,1,9.8,0.48021241441012436,0.5526314999999999
881,798657896934031736,0.5658536585365854,1,8.2,1.3664797939349338,0.3905325
882,2382388266618457825,0.1714890613973183,2,8.4,0.5869535415629487,0.2590365
883,4750167368731462534,0.18671783747705656,2,8.8,3.8706465507911423,0.266601
884,-8330138563816445026,0.25332068311195444,1,8.8,0.7213720354697432,0.20212800000000003
885,-5782793195956005666,0.07453416149068323,2,8.8,0.042136554182269456,0.193548
886,2209055300492959448,0.134,1,9.0,0.371423153964375,0.410715
887,4217103872302339384,0.4330927262631872,1,8.6,2.319963635576528,0.3260865
888,3486168069579536641,0.2902938557435441,2,9.2,4.913598418436186,0.31860900000000003
889,-4375877803013141274,0.4377962085308057,1,8.8,9.352871995786344,0.4105815
890,-6852458346409552831,0.12544483985765123,2,8.6,0.4852918894348362,0.36144600000000005
891,-165917026207973665,0.1957894736842105,2,7.8,0.1002907710845112,0.4999995
892,6451111012964338328,0.2102857142857143,2,9.6,1.1258540949659805,0.48
893,-7187287948796272681,0.0,2,9.6,0.0,0.0
894,-893205206490255742,0.19877049180327871,2,8.6,0.8106236065715708,0.2181825
895,4123010228566010812,0.40266075388026606,1,8.6,6.306774316904407,0.4396755
896,-3683413585087740011,0.31586368977673324,1,8.4,2.976543503827644,0.328125
897,2313396046143734385,0.2471169686985173,3,8.8,1.507608389791987,0.240672
898,-3521515343570169964,0.2616487455197133,2,8.4,0.41674783725477466,0.305085
899,938528933528631760,0.16289592760180996,2,8.6,0.2277827081394258,0.24107099999999998
900,-2866087063818089110,0.07667731629392971,3,8.6,0.10685656976702237,0.15000000000000002
901,-4497545791517062214,0.5473640283766866,1,8.4,27.543922307120646,0.6104685
902,131802517042376614,0.2065675984620181,2,9.0,18.99449483033543,0.503247
903,-4032379432887525290,0.49169675090252707,1,8.6,5.800197695476815,0.34678950000000003
904,-4338764128503396919,0.5055779729408972,2,9.0,7.524621745059417,0.45846600000000004
905,3235254388232710947,0.34264305177111715,2,8.6,6.777708031198366,0.2123445
906,-8236172572281698570,0.5671077504725898,1,8.4,1.6286788314321379,0.243396
907,7596430368140320862,0.2952460383653044,2,8.6,4.309544939645158,0.316467
908,1232547238710807005,0.2343032159264931,2,8.8,3.009913634494253,0.329136
909,-6868135992907072025,0.06938892061679042,1,8.6,0.6846468538280049,0.16863899999999998
910,4638651360171961620,0.16287359473539897,2,8.4,2.1640547380054045,0.332307
911,6496597398902586828,0.1738672286617492,2,8.0,0.3150861851266622,0.2922075
912,-7203308083011419992,0.22004889975550124,2,8.2,2.789892662251031,0.2798505
913,3751061104488290337,0.061971830985915494,1,,1.7513948210038741,0.363636
914,-1292750757993165534,0.424906467129877,2,8.8,5.93425543121424,0.12321449999999999
915,-5494799615217133282,0.35705882352941176,2,8.8,6.557501244615685,0.208017
916,7927650445992206734,0.31628453850676075,1,9.2,4.036883915236261,0.351399
917,-1925706388052238108,0.41641980533220485,2,9.0,3.2194780550805575,0.24639
918,-1736200654845468347,0.1077028885832187,2,8.0,2.718096351291875,0.146853
919,3249546512377877229,0.1550695825049702,2,8.8,2.3184484512651786,0.2861265
920,-5223874041022700084,0.2643171806167401,1,8.4,1.9149043630093003,0.26449350000000005
921,3806668577854154971,0.1637323943661972,2,8.6,0.8719524953642576,0.2463765
922,1936230555606102740,0.19386295670263948,2,9.0,6.495902072050636,0.20333400000000001
923,-8691455238764237919,0.44719101123595506,1,9.4,1.2440384712511816,0.44764349999999997
924,1785693782406650237,0.12629533678756477,2,9.0,0.5494346919485992,0.28125
925,8302321117389774572,0.35448891723808007,2,8.8,7.909117801972626,0.34247099999999997
926,5621108791892165334,0.32947448591012946,2,9.0,8.642250553763791,0.2164725
927,-2930452528400233436,0.09379042690815007,3,8.2,7.382699481229753,0.20842499999999997
928,4727436778809951036,0.10713281469678508,3,8.6,4.754648369012316,0.22454249999999998
929,-4985344109609159715,0.20113556817297967,2,8.8,14.118631716415218,0.306543
930,2782136393205764292,0.3102620524104821,3,9.0,15.067858611658261,0.355311
931,-8927711427237129003,0.2671215130840314,2,9.0,13.048911592603016,0.226212
932,7887263658688386750,0.260539629005059,2,8.8,2.4299227256001212,0.29646
933,-6636124736621177868,0.2589763177998472,2,8.6,1.092952949919551,0.511905
934,8276642495521859814,0.0,1,9.2,0.0,0.0
935,-7228042991702097485,0.06878306878306878,2,10.0,0.19473725982524875,0.375
936,5533305631608387658,0.29945305378304465,2,9.2,1.8094186742858793,0.3499995
937,-4872668364303849486,0.37284345047923323,1,8.8,2.9180285287560337,0.439716
938,1177663112026655022,0.2556818181818182,2,9.0,2.727885302760299,0.5357145
939,1338844988568014392,0.13435828877005346,1,9.0,0.4987842449692273,0.4756095
940,-8855281603050214642,0.07814642171647929,1,9.4,0.27165090153466526,0.2225805
941,171537742243358342,0.4652665589660743,2,9.0,4.380542147376927,0.399714
942,2432863605770777231,0.15807962529274006,2,9.0,0.3868770608310425,0.30000000000000004
943,-3637038973147444631,0.2647058823529412,3,8.2,0.9132953815739158,0.3286515
944,-1677946349685791222,,2,8.8,0.0,
945,-7132474314147293909,0.21730382293762576,2,8.4,0.27323823747988774,0.352941
946,7819058530837597819,0.0,2,,0.316308467066397,
947,7976875396648580379,0.0,3,9.2,0.0,
948,5862601846955413630,0.29095354523227385,2,9.0,0.9793141265683961,0.2448975
949,2171766255083010693,0.2534246575342466,2,8.8,0.5781510422303513,0.286956
950,-8406435654769921472,0.0,2,9.0,0.0,0.0
951,-4352527166948915718,0.1985294117647059,2,8.0,0.36667460334639274,0.2368425
952,-4942971132051498803,0.09954643112914777,2,9.4,3.629290743811214,0.350394
953,6382733295534528333,0.14007782101167315,2,9.0,0.1014451972264912,0.44999999999999996
954,-3568749984930291710,0.0,2,9.0,0.10543615568879898,
955,-1017390082708530978,0.2297921478060046,2,9.0,1.9922509145219596,0.207627
956,1673564800708932227,,2,8.0,0.16262978275143042,0.0
957,6957047936970477884,0.09254498714652956,2,9.0,0.31717858250900094,0.1071435
958,7879559584076986135,0.24252717391304346,1,8.4,0.7744756380008225,0.517242
959,-4774310307819460079,0.0,2,8.6,0.0,
960,-4319506468503470816,,2,8.8,0.0,0.272727
961,-4202398962129790175,0.35567658148303305,1,8.6,4.4884057023755055,0.5884095
962,3334651165461285137,0.36363636363636365,1,8.6,1.5274842589163162,0.526686
963,7044324700511121730,0.16642335766423358,2,8.8,0.6571675490388317,0.365385
964,-7974208506884208117,0.027906976744186046,1,9.4,0.0289766661583041,0.0
965,-5540974537340188850,0.059829059829059825,2,9.2,0.05294232989825487,0.48214350000000006
966,8719813944439287789,0.012448132780082988,3,,0.0,0.0
967,-8704304019451787993,0.34951456310679613,1,9.0,2.116676470801833,0.4509495
968,2597737912947665355,0.20562390158172233,2,9.2,1.2370639883221857,0.27612
969,8577326395222187072,0.23857868020304568,1,8.2,0.8477671989948946,0.324885
970,3705733628177935662,0.21001615508885296,2,9.0,2.6145628363545557,0.3888885
971,-3404627363779251642,0.10204081632653061,2,8.4,0.1279621197266462,0.42857100000000004
972,5087481746597266965,0.18935837245696402,3,8.8,1.2441084409972623,0.2229735
973,7682206799879308181,0.11817367949865712,3,8.4,1.0122951117308294,0.25312500000000004
974,-8013158748577808102,0.07411219763252702,2,9.0,0.42324814629222135,0.3358215
975,9036771995446926749,0.04827175208581645,2,8.4,0.2556337465594748,0.23913
976,-6072440375216610201,0.5073409461663947,1,8.8,1.628938902082108,0.4660575
977,2664890066407704862,0.347037484885127,1,8.4,1.7251646731591828,0.38861999999999997
978,-6007126584927194216,0.19215044971381845,2,8.8,17.6159850720995,0.3676785
979,3159358880132352447,,2,8.0,0.0,0.0
980,7728580073215842432,,2,,4.54951662767183,0.0
981,2795978141480225055,0.0,1,,0.0,0.0
982,-6991896213664680137,0.15902439024390244,2,9.2,2.8645641680555856,0.3642855
983,5794896164047816185,0.45445965077866923,1,8.8,2.010649581159765,0.394737
984,-2397771315306826730,0.5642201834862386,1,9.0,1.0942516793292785,0.40263150000000003
985,9200473695192424827,0.2554054054054054,1,9.0,1.7085506901303777,0.1803075
986,-3244037769194260102,0.3026987600291758,1,8.6,4.027856369329804,0.23502299999999998
987,4556483994760195399,,1,,0.0,0.0
988,7953617663815216146,0.5205058503722964,1,8.2,9.744763595171612,0.5098320000000001
989,6125821928735460667,0.4191780821917809,1,8.0,2.4990800666681094,0.334782
990,-7906996811450282616,0.6570397111913358,1,9.0,1.6356775399178916,0.215754
991,7568295674156679000,0.3348079630002011,1,8.2,3.8454295547522674,0.29683350000000003
992,-2657049787868520335,0.45368248772504094,3,9.0,5.754525711234731,0.3415635
993,3877462273661252135,0.10622317596566525,2,8.6,0.3891137614811287,0.2556825
994,-5699824672891272503,0.2185185185185185,1,8.4,0.47263193824121075,0.3519855
995,-7252239555963724387,,2,,2.046512895356678,0.0
996,-3698730082858586514,0.15171288743882544,3,9.0,0.4758273600732042,0.066372
997,-7492829366185800022,0.23898165891048456,1,8.4,2.0119537825805938,0.39637350000000005
998,-2933422368217780829,0.4799176107106077,1,8.4,6.5960042702455395,0.5981099999999999
999,-3238312836041550031,0.20921770770163736,3,8.8,2.9942555030247573,0.19097250000000002
1000,-7780677792750260583,0.16823751178133836,2,8.8,2.3315685890033913,0.365763
1001,4131539468945219075,0.27235023041474654,2,9.2,2.427285997516286,0.292899
1002,-8784756957791506459,0.1460548405148293,2,9.2,1.069449588589439,0.272727
1003,-1870006473875801588,0.15272727272727274,2,8.6,0.8547027168347895,0.281955
1004,-6752598294041254455,0.17473435655253838,1,8.6,0.9142900716791216,0.301095
1005,3824381901663615843,0.08833522083805209,2,8.2,0.23834941937732845,0.27
1006,997221672107990196,0.07880335643925573,2,8.4,0.8746195572764328,0.2556825
1007,-8896003941999758863,0.2108843537414966,1,8.2,0.2889678061250427,0.26470649999999996
1008,5103105499713031748,0.24281524926686215,2,9.0,3.4416508711155656,0.3290325
1009,1538962478153206849,0.1922406277244987,2,8.6,1.4618328649135421,0.3248025
1010,-5350709679491206938,0.06878104700038212,2,8.8,0.865814070023312,0.2205885
1011,-1170832987475604081,0.11285266457680251,2,8.2,0.5147534078447605,0.21428550000000002
1012,-5877452777438598977,0.21906693711967545,2,8.4,0.29746472326920703,0.354546
1013,8383739768961500678,0.1,2,7.4,0.09695200331161899,0.1666665
1014,-6726575911681807184,0.10144020037570445,2,8.2,0.4316724402129313,0.25806450000000003
1015,-2572908471696243986,0.45240339302544763,1,8.4,0.9584813031511217,0.427536
1016,-6449285676182512074,0.1015625,1,7.6,0.1759660704300021,0.22340400000000002
1017,-3288487770844856533,0.05172413793103448,2,,2.0226834394560664,0.1875
1018,255525142294279740,0.1648793565683646,2,9.2,0.9083712789675883,0.3453945
1019,-3504638552856672079,0.10266159695817491,3,8.6,1.1599833809240436,0.289473
1020,8982781692518102586,0.024911032028469747,1,9.2,0.0678300907064061,0.5357145
1021,-3184127458968019744,0.3756781193490054,1,8.8,1.5354728134962998,0.559485
1022,8386228234958598795,0.15306122448979592,3,8.2,0.6486706318946673,0.245193
1023,7964749261904358047,,2,,0.0,
1024,-3601755964144931113,0.0,2,8.4,0.0,0.0
1025,3750775386512855055,,2,8.0,0.0,0.5357145
1026,-5465263222490016471,,2,8.4,0.012200701540338569,0.0
1027,587887039095422126,0.2539902845246357,1,8.0,0.6933702259308482,0.340116
1028,-8608196287932575311,0.1206581352833638,1,9.2,0.20227710556505554,0.18
1029,3084474950367707168,0.4605263157894737,1,8.4,1.1336825472412821,0.311403
1030,-8373510143282976623,0.2685589519650655,4,9.6,0.4141143026183828,0.3409095
1031,-3721629002370808761,0.4150086166379445,3,9.0,11.901953144728962,0.409203
1032,6132715253637252668,0.47384093634972496,1,9.0,31.17773833488459,0.668523
1033,3541098043256396589,0.9461966604823748,1,8.6,1.3166951665620468,0.326667
1034,212463925754117765,0.46125461254612543,1,8.8,0.7842882602076525,0.399351
1035,-537880252831207179,0.05170731707317073,3,9.4,1.1000526706927278,0.21074400000000001
1036,-6593632248306054569,,2,,0.0,
1037,3491182311528881371,0.0,1,8.4,0.0,
1038,5562014935696343810,0.10386151797603195,2,,1.5095812940636404,0.039473999999999995
1039,-8855436559340372265,0.29501479626678806,1,8.8,3.342992222052768,0.459075
1040,1023351044854979553,0.46478873239436613,1,8.6,1.9023653383879098,0.312303
1041,296336753644479705,0.41294439380127623,1,8.4,1.0807061882248705,0.40845
1042,4142165705637704990,0.2857142857142857,1,8.0,1.7466611473016842,0.3677415
1043,-6094196016606297727,0.42344139650872814,1,8.6,3.0529520840999447,0.2359545
1044,-8695515100173184302,0.6895604395604396,1,8.6,1.7296189672215128,0.33064499999999997
1045,-5854988622335132895,0.03205128205128205,3,,0.049705260575625736,0.2500005
1046,-7559357501927959775,0.06201550387596899,1,,0.05460540171536054,0.230769
1047,2305217314751971338,0.42016806722689076,3,9.0,0.7446770132109642,0.26806050000000003
1048,-7701299311287971492,0.01107011070110701,2,8.2,0.03304544831417707,0.0
1049,-3587190033234214919,0.3756260434056761,2,8.8,0.898865054799166,0.284091
1050,-5738320688142524966,0.5686567164179104,1,8.6,0.949443350144664,0.4472055
1051,-767498310083244784,0.7044534412955465,1,8.4,2.1535819678636625,0.43254000000000004
1052,-2836603127726075341,0.1776824034334764,1,8.8,0.4452477326349055,0.351852
1053,-1879776756382748593,0.26090490382010295,1,8.8,7.159426250207436,0.4800495
1054,-6336277719108270524,0.30758988015978694,2,8.8,0.615886346746322,0.1973685
1055,8074532316471625686,0.13636363636363635,3,9.6,4.377727727564594,0.204546
1056,4535301417955092987,0.16986301369863013,2,9.0,0.37255713632105275,0.2771745
1057,-8511088476068172487,0.4515972894482091,1,8.8,2.13149160838653,0.4075725
1058,1019925169395946572,0.02582496413199426,3,9.8,0.05628299817715709,0.1153845
1059,-6509594553614775489,0.045454545454545456,1,,0.04313819473191137,0.0
1060,-4509192309443437617,0.2136258660508083,2,8.8,1.5333665230849152,0.3437505
1061,5988845052049601632,0.46814044213263983,1,9.0,2.291102982027028,0.345342
1062,-3930839840484642259,0.6101426307448494,1,8.6,2.5224932718601414,0.6462135
1063,7906885051736177475,0.3518742442563483,2,8.8,1.3421646933194802,0.30279449999999997
1064,7111578705416019346,0.4768480909829407,1,8.4,3.8723428978118624,0.5762835
1065,-3091623655547407438,0.4151880766501065,1,8.4,1.154854499371809,0.365259
1066,-6150416221304321259,0.186836075817538,1,8.8,30.30198220146707,0.3122445
1067,4521169195118896686,0.38684210526315793,1,8.6,2.181492697734882,0.3718485
1068,6799151090321055128,0.17098039215686275,2,8.6,20.532819772107207,0.255429
1069,-5343422554788940746,0.31842045195160923,1,8.4,3.0923468761950113,0.3277305
1070,3309144347204075080,0.5068952184559865,1,8.2,8.807477795334675,0.588504
1071,5400173215968798542,0.3250517598343685,1,8.6,1.1876880451957834,0.3098595
1072,5823331636094601910,0.3012048192771084,2,9.0,0.5349322135399756,0.0454545
1073,-1697190555022998595,0.5889277760101813,1,9.0,4.715614335086618,0.364731
1074,5352791424779842147,0.4077669902912621,1,8.4,1.4720737101091654,0.336
1075,8396371484179839195,0.0919558871229322,2,9.2,1.9985765875644437,0.3649995
1076,192918240573068486,0.43887015177065763,1,8.6,2.056036079217412,0.412941
1077,6737415063625877454,0.12994350282485875,2,9.2,0.33167026151622764,0.1764705
1078,-6596667450476127129,0.25494071146245056,1,9.0,0.5370967625561881,0.29032199999999997
1079,684606802472408831,,2,8.6,0.0,0.08823600000000001
1080,-1997573033405245559,0.7546391752577319,1,9.0,1.4262862832528842,0.3482145
1081,-4491166252215399251,0.0234375,3,8.8,0.0713813098307383,0.0
1082,8668805750129740854,0.015625,2,,7.2460691809914195,0.0
1083,-5741985198069450129,0.07127429805615551,4,9.8,0.543899505545904,0.3260865
1084,695475033812222125,0.0872093023255814,3,9.8,0.29495587927588623,0.1578945
1085,9017060067444499123,0.0861244019138756,2,9.4,1.1815399458284308,0.077586
1086,-1509651001256053534,0.2103404791929382,1,8.6,4.310345822781157,0.361314
1087,-399905282605548531,0.13414634146341464,4,9.8,0.08307539124223468,0.1000005
1088,-5611862071878310700,0.03940886699507389,3,9.4,0.2633611796494819,0.048387
1089,-6494627143891632181,0.08007448789571694,3,9.8,3.1645714024960645,0.095745
1090,-4153973397794288673,0.03643724696356275,3,9.0,0.27639886181034734,0.0
1091,-5006036214808533565,0.0635593220338983,2,9.2,0.8546200656447296,0.08823600000000001
1092,-3140510032567071680,0.5465489566613162,1,8.6,1.862858304828718,0.41184899999999997
1093,1632710242368082191,0.0,2,8.8,0.0,1.0
1094,-2396852507702316132,,1,,10.960199148482134,0.0
1095,-5304346362301985651,0.085628442663996,1,8.6,0.36056277751029797,0.375
1096,2415494736928752449,0.3396715643906655,1,8.8,27.464113126125646,0.3616905
1097,-8275477883594219643,0.00788436268068331,2,9.6,0.3154249438045561,0.75
1098,-7318359883304670921,0.0,2,,0.0,
1099,-6625081674966160524,0.018970189701897018,3,10.0,0.21405695113183293,0.12499950000000001
1100,-6769932853130077240,0.03633217993079585,2,9.4,0.16726403823178018,0.285714
1101,-999780792482325813,0.07894736842105263,2,9.6,0.8771554414308387,0.0
1102,-6827380434191007606,0.0,1,,0.0,0.0
1103,-1957641375345305991,0.13192771084337349,2,8.8,3.4409702643064115,0.16935450000000002
1104,1341675381287979418,0.2818181818181818,1,8.6,13.282953556516722,0.43050599999999994
1105,-5486520277518986761,0.15473251028806584,1,8.4,8.947761267001953,0.232836
1106,4393461782183704036,0.2416591523895401,2,8.8,12.282800363751333,0.31265550000000003
1107,-2185062276167946420,0.27233009708737865,0,9.0,5.855874942552712,0.3980775
1108,-7774032555232532611,0.30038022813688214,2,9.0,18.470484317298073,0.345342
1109,-4804765814618529773,0.2328202904834164,2,9.2,23.20805207250255,0.3390405
1110,-1792819626945293813,0.24277456647398843,2,8.6,1.4374044582354149,0.07894799999999999
1111,-4714819220918569875,,2,8.6,0.2548866862449194,0.09375
1112,-692123557610643528,0.31230283911671924,1,8.6,7.883560460621311,0.3398175
1113,-115775337990273376,0.21825170842824604,2,8.6,27.015055263475258,0.254934
1114,-7256451780093229133,0.1419984973703982,2,9.0,3.1528374885512855,0.34722149999999996
1115,-396557920270344164,0.1458137347130762,2,7.8,4.967356903289733,0.213636
1116,-1599738796042032613,0.2917657229306246,2,8.6,23.29181918038611,0.29744550000000003
1117,1006504855713909009,0.22997542997543,2,8.6,6.397916578390694,0.38194500000000003
1118,-9019424506888158125,0.21025641025641026,2,8.8,68.97683529822068,0.3834765
1119,-2420024541990254837,0.2397284122562674,2,9.0,25.123287581933685,0.3305085
1120,3597550658392446704,0.06699751861042183,3,8.8,1.2835598087372027,0.245454
1121,-8735751829115821856,0.27340823970037453,2,9.0,10.376691231832805,0.269022
1122,5140027665910933716,0.19043588658484978,2,8.6,6.295244831373878,0.3037185
1123,3787610394771264229,0.06704230732499283,2,8.6,16.563262183721243,0.45238049999999996
1124,1173046832027987750,0.34134615384615385,1,8.6,8.35552455484464,0.303192
1125,-8843270408357997021,0.16648168701442842,2,8.2,3.4276066400915246,0.2368425
1126,1561516029098609311,0.16347762822844672,2,8.2,100.0,0.2656245
1127,-8549376109281413128,0.10982915464832482,2,8.0,7.357978898511422,0.251583
1128,-6229640744494385224,0.07406188281764318,2,8.4,3.486276209815419,0.2033895
1129,-1524778585215246056,0.03493246390312064,2,8.4,9.414862972689452,0.1838235
1130,3471464804149026238,,2,,12.140837442769504,0.0
1131,4779271655004540903,0.14499629355077837,2,8.8,24.733460885323808,0.288282
1132,-5723001116090356006,0.017142857142857144,3,9.0,0.0,0.1000005
1133,-9188677762021043549,0.0,2,8.8,0.0,
1134,-5701906629018554267,0.2117487879129552,3,9.0,39.13292894789164,0.257214
1135,311760795849230167,0.06486486486486487,3,9.2,0.16129617929221407,0.3176475
1136,6521448431149536288,0.12693935119887165,1,8.8,0.07056429792852659,0.636363
1137,-7160946876297245148,0.4549763033175356,1,8.6,0.13290049892154512,0.459183
1138,8968794542286256815,0.4036363636363637,1,8.8,0.8977682883432463,0.272727
1139,4406865192044003216,0.10415899889584099,2,9.0,9.040654752398119,0.40437750000000006
1140,8622379283119413239,0.2849079754601227,2,8.8,26.591330593247132,0.3432945
1141,-8288729080418479524,,1,8.6,0.0,0.0
1142,2961211067151987549,,2,9.06,0.0,0.0
1143,-2472561771550867025,0.07205240174672489,3,,1.1284612848763302,0.07894799999999999
1144,-3286602716889627675,0.3642568736781388,1,9.0,54.96535244922342,0.5977785
1145,7965632976697268420,0.0149812734082397,3,9.0,0.25856381176554505,0.42857100000000004
1146,-7812155932932015212,0.09610652771746997,2,8.8,22.28463417678632,0.316176
1147,-7471350134155678622,0.29593908629441623,2,9.0,30.97590310394618,0.2740965
1148,-2993387423863340150,0.44252873563218387,1,8.6,12.271066449806552,0.33632249999999997
1149,-6985057325523321597,0.35403726708074534,2,9.2,3.589599840940277,0.19014150000000002
1150,-1258720604918794303,0.0,2,8.0,0.0,
1151,-6839047862742011792,0.09722222222222221,4,9.8,0.3200750970492466,0.321429
1152,-8837336709500624085,0.05234159779614325,2,9.2,0.5259075041639097,0.2777775
1153,3724913728570704700,0.45190362332168477,1,9.2,29.092870669452388,0.5593215
1154,7330357146018623349,0.0,4,,0.0,0.0
1155,6095823279976131298,,2,8.8,0.0,0.0
1156,-943249432893382954,0.3167886098477358,1,8.8,19.32916064837105,0.435096
1157,-5174766950923056610,0.4208602755130728,1,8.0,89.31140603962301,0.642606
1158,2687109349753159894,0.2987075155576831,1,8.8,1.8623887567792596,0.3436365
1159,315551801116351559,,1,7.8,0.07193517897212783,0.0625005
1160,-532084159234386457,0.008571428571428572,3,,0.0,0.0
1161,-8658969888857260935,0.05758157389635316,3,9.4,0.6489506295570774,0.07500000000000001
1162,577653696222706785,0.3493860322333078,1,8.0,40.22728729883952,0.5634525
1163,7174054553785284572,0.12417871222076216,2,8.2,4.473296146694877,0.29703
1164,-7457101727255773439,0.14667535853976532,2,8.4,5.404885554914406,0.314685
1165,1229733285361471198,,2,8.4,1.0604603449381291,0.111111
1166,-1617417209973862408,0.19047619047619047,2,8.4,1.063024940693723,0.1764705
1167,2344179370390635205,0.13012688108586604,2,8.4,11.144002051676605,0.42567599999999994
1168,6458896772244695718,0.2015418502202643,2,9.0,12.22735141373341,0.22702650000000002
1169,-5574868108114075836,0.0234375,2,8.8,0.4090530230172469,0.21428550000000002
1170,7783166846573050139,0.23303696771174542,1,8.4,15.051933064050779,0.325581
1171,5307439214636506019,0.1111111111111111,1,8.8,4.505994742578701,0.26086950000000003
1172,2007661938260788386,0.11076923076923079,2,9.0,2.1959351157273836,0.2755095
1173,-7056049532053885057,0.0,2,,0.0,0.0
1174,2308400039276164868,0.05411499436302142,2,8.6,0.5135603000577034,0.1176465
1175,-6916955870144689103,0.04225352112676056,3,8.0,0.0,0.0
1176,8089676557031806180,0.09060402684563759,2,8.6,1.3502596653202539,0.2500005
1177,-6029326916719479299,0.07910750507099391,2,8.2,1.4445085593383342,0.1666665
1178,5434144128155901777,0.05777777777777778,3,8.8,5.322818490735398,0.284211
1179,6758310695391700899,0.2513426423200859,2,8.8,10.937359748669616,0.1578945
1180,-5858998384793003964,0.0,2,8.4,0.0,0.15000000000000002
1181,-8866887928893091113,0.028571428571428574,2,8.2,0.17503366031929218,0.1666665
1182,-5009142558665523984,0.09249129786176033,2,9.0,4.852215169583894,0.1764705
1183,3770649346105540743,0.0,2,7.6,0.0,0.08823600000000001
1184,4101804730312023571,0.019108280254777073,3,,0.6744909690427502,0.12499950000000001
1185,7083983078251852573,0.07964601769911504,2,9.4,0.5741899819896931,0.0
1186,2975008828254137767,0.3201342281879195,1,8.6,5.364574974589418,0.3874995
1187,-2225301764773159943,0.2471716674864732,2,9.0,10.838281709730916,0.5659635000000001
1188,-1880583444597387761,0.2680851063829787,1,9.4,1.8148326468018332,0.4655175
1189,4541732343895239576,0.4644585039077037,1,8.8,13.378448260489668,0.520992
1190,1847657957494239078,,1,9.2,0.0,0.0
1191,-3313897474024947019,0.08042895442359249,1,8.8,0.7914177853184631,0.21428550000000002
1192,-4039002240196837723,0.35381443298969073,1,8.4,15.132428672459419,0.403713
1193,-2777513454983878087,0.24081529944640162,1,8.0,20.711133836463787,0.4187505
1194,-6124120008943448417,0.07342143906020558,2,8.8,10.83866739587797,0.291177
1195,-4225359663034947196,0.10014076010456464,2,8.4,13.614076012221503,0.332727
1196,-8291981320938243845,0.08637236084452976,2,8.6,10.352580956162317,0.29430449999999997
1197,-8905771978401820606,0.047872340425531915,2,,16.110589395710928,0.0
1198,-2671273743351371186,0.1140282131661442,2,8.4,22.36728307880617,0.37900349999999994
1199,-7626507321447594914,,1,9.0,0.0,
1200,5804414380692138989,0.027522935779816515,1,8.2,0.0,0.0
1201,-530339599005062594,0.27402700555996823,1,8.4,0.0,0.288462
1202,7249846857937932390,0.38133445945945943,1,8.6,16.39618908550438,0.440181
1203,-625871812705516829,0.31280516616790044,1,8.8,41.24994718285337,0.4910715
1204,4305436250894814244,,1,8.0,0.0,
1205,-3682942681835489161,0.0,1,,0.0,
1206,7116174872898026575,0.07291666666666667,1,9.4,0.05182478658944013,0.30000000000000004
1207,7720291628150758707,0.2962566844919786,1,8.8,22.21687291030975,0.323394
1208,-8132719326591500597,0.11337209302325581,2,9.0,7.8524209694502645,0.35566949999999997
1209,8256429253625561826,0.14366197183098592,3,8.6,3.9484562439197695,0.41379299999999997
1210,-8224165955183590127,0.2812014500258933,3,9.0,15.93726031854599,0.37846199999999997
1211,-3262003401768472527,0.13557692307692307,2,9.2,5.089962374507391,0.40654199999999996
1212,4259894680412731211,0.0,4,,0.0,0.0
1213,2373457048599245920,0.24166540956403681,1,8.2,36.26623193362131,0.48
1214,-6518943524556041259,0.06818181818181818,1,9.2,0.2727580734321225,0.140625
